CORRESPONDENT,BIRTH,DEATH,
"Abel, Caspar",1676,1763,
"Abercromby, David",---,1701,
Academia Leopoldina,,,
Acad√©mie Fran√ßaise,,,
Acad√©mie Royale des Sciences,,,
"Acherley, Roger",1665,1740,
"Acoluthus, Andreas",1654,1704,
Acta eruditorum,,,
"Addison, Joseph",1672,1719,
"Adolphi, Christoff",---,1684,
"Agricola, Theophilus",,,
"Ahlefeldt, Graf Burchard von",1634,1695,
Albert (Markgraf) [A. Friedrich M. von Brandenburg?],,,
"Alberti, Antonio ‚Üí Tourreil",,,
"Alberti, Valentin",1637,1697,
Albeville,,,
Albrecht von Sachsen-Coburg,,,
"Albrizzi (Cardinal), Mario",,,
"Albutius, Antonius",,,
"Alenc√©, Joachim d‚Äô",c. 1620,1707,
Alexander VIII (Pietro Ottoboni),1610,1691,
Alexandri,,,
"Alg√∂wer, David",,,
Allix,,,
"Almeloveen, Theodor Janson van",,,
"Alstorff, Wilhelm",1645,1723,
Altenburg,,,
"Alvensleben, Carl August von",1661,1697,
"Alvensleben, Johann Friedrich von",1657,1728,
Amalia (Raugr√§fin),,,
"Amelot de la Houssaye, Abraham Nicolas",1634,1706,
Amerigo,,,
"Ammon, Samuel",---,1707,
"Ancillon, Charles",1659,1715,
"Ancillon, Joseph [Charles‚Äô uncle and father-in-law]",1626,1699,
"Andala, Ruart [also Ruardus]",1665,1727,
"Anderson [""ecclesiastique ecossois""]",,,
"Anderson, Johannes [also Andersen?]",,,
"Andreae, Johann Philipp",1654,1722,
"Andreae, Samuel",,,
"Andreini, Pietro Andrea",1642,1729,
Anna Eleonore von Hessen-Darmstadt (Braunschweig-L√ºneburg),,,
Anne Queen of Great Britain,1665,1714,
Anton G√ºnther II von Schwarzburg-Arnstadt,1653,1716,
Anton Ulrich von Braunschweig-L√ºneburg-Wolfenb√ºttel,1633,1714,
Appelius,,,
Archivar aus Wolfenb√ºttel,,,
Arend [Swedish resident in France],,,
"Arenten, Johann [Swedish resident in Frankfurt]",,,
"Areskin, Robert [also Erskine]",1677,1718,
"Ariosti, Attilio",1666,1729,
"Arisi, Francesco",1657,1743,
"Arnauld, Antoine",1612,1694,
"Arnauld, R[obert d‚ÄôAndilly?]",,,
Arnd,,,
"Arnold, Andr√©",,,
"Arnold, Christoph",,,
"Arnold, John",,,
"Arnold, W.",,,
"Artis, Gabriel d‚Äô",c. 1660,> 1730,
"Artner, Karl Andreas SJ",,,
Asche,,,
"Aspremont, [Ferdinand Gobert d‚Äô?]",,,
"August I (II of Sachsen), King of Poland",,,
August Wilhelm von Braunschweig-L√ºneburg (Hereditary Prince of Wolfenb√ºttel),1662,1731,
Augustin Thomas a S. Josepho,1646,---,
"Ausson de Villarnoux, Fran√ßois d‚Äô",1688,1727,
"Austen, Robert II [also Austin in the letters]",1672,1728,
"Auzout, Adrien",1622,1691,
"Avemann, Dorothea Margarethe [widow]",,,
"Avemann, Heinrich",1637,1699,
"Avemann, Heinrich Friedrich",,1751,
"Ayerst, William",1684/5,1765,
"Aynscombe, Sylv. [??]",,,
"Azzolini, Decio",---,1689,
Baar [Graf von],,,
"Bacchini, Benedetto OSB",1651,1721,
"Backmeister, Georg Michael",1663,1723,
B√§r ‚Üí Ursinus,,,
Baier,,,
Baillet,,,
"Baker, Thomas",---,1689,
"Balcke, Johann Christoph",1661,1730,
"Baldigiani, Antonio SJ",1647,1711,
"Ballati, Luigi",1636,1696,
Balsweiler,,,
Balthasar,,,
"Baluze, √âtienne",1630,1718,
"Barbeyrac, Jean",,,
Barckhausen,,,
"Bard, Francisca, Lady Bellamont",1646,1708,
Barfus,,,
Bartenstein (Wien),,,
Bartfeld (evang. Gemeinde),,,
"Barth, Paul",1635,1688,
"Barthius, Johannes",,,
"Bartholin, Caspar",1655,1738,
Bartholinus [Nicolaus?],,,
"Bary, Jacques de",,,
"Basnage de Bauval, Henri",1656,1710,
"Basnage, Jacques",,,
"Battincour, de Georges Louis",---,1693,
"Battistini, Sebastiano",,,
"Baudelot de Dairval, Charles C√©sar",1648,1722,
"Baudrand, Michel-Antoine",1633,1700,
"Bauer, M. Elizabeth [born as Brandshagen]",,,
"Bauldry, Paul",1639,1706,
"Baumeister, Gottfried Christian",,,
"Baumeister, Johann Christian",1698,1730,
Baumgart(en),,,
"Bayer, Gottlieb Siegfried",1694,1738,
Bayern (Oberlandesgerichte),,,
"Bayle, Pierre",1647,1706,
Bayreuth (Konsistorium),,,
"Be(h)rens Cohen, Elieser Lef(f)man(n)",1634,1714,
Beauquesne,,,
"Beausobre, Isaac de",1659,1738,
"Becher, Johann Joachim",1635,1682,
"Beck, J.",,,
"Becker, Hans",,,
"Becker, Otto Heinrich",1667,1723,
"Beeck, J. G. [Hofmeister]",,,
Beer [Clausthal],,,
"Beger, Lorenz",1653,,
"Behrens, Conrad Barthold",1660,1736,
"Beichling(en), Wolf Dietrich Graf von",1665,1729,
"Bellinghausen, Chr.",,,
"Bellmont, Philippe Fran√ßois de",1683,1740,
Belman,,,
Benedicte von Braunschweig-L√ºneburg,1652,1730,
"Bennigsen, Johanna Henriette Maria von (born as Longueil, Jeanne Henriette de)",,,
"Bennigsen, von",,,
Bentham,,,
Bentheim,,,
"Benthem, Heinrich Ludolf",1661,1723,
"Bentinck, William, first Earl of Portland",1649,1709,
"Bentley, Richard",1662,1742,
"Benzelius, Eric",1675,1743,
Berckelman,,,
"Berckmiller, Thomas",,,
Bergamt Clausthal,,,
Berghauer,,,
Berghorn,,,
"Bergmann, Heinrich Balthasar",1674,,
"Bergomi, comte de",,,
Bergrechnungs-Deputation ‚Üí Braunschweig-L√ºneburg,,,
"Berkelmann, J.L.",,,
Berlin (Amtskammer),,,
Berlin (Geh.R√§te),,,
"Bernard, Edward",1638,1697,
"Bernard, Jacques",,,
"Bernardi / Bernardo, conte",,,
"Bernhardi, G.",,,
"Bernoulli, Jacob",1655,1705,
"Bernoulli, Johann",1667,1748,
"Bernoulli, Nicolas I",,,
"Bernstorff, Andreas Gottlieb von",1649,1726,
"Bertet, Jean SJ",1622,1692,
"Bertram, Joseph Wilhelm von",---,1725,
"Berwardt, August Matthias",---,1698,
"Berwardt, Christian Ludwig",---,1692,
Bessel,,,
"Besser, Johann von",1654,1729,
"Best, Johann Heinrich",,,
"B√©toulaud, √âlie de",1638 oder 1639,,
"Bevron, marquise de",,,
"Beyrie, Wilhelm de",---,1713,
"Bianchini, Francesco",1662,1729,
Biber,,,
Bibliothek Hannover,,,
Bibliothek Wolfenb√ºttel,,,
Bickerstaff ‚Üí Swift,,,
"Bidenburg, J. D.",,,
"Biel, Johann Christian",,,
"Bierling, Friedrich Wilhelm",,,
"Bignon, Jean-Paul",1662,1743,
Bilderbeck,,,
Billaine,,,
"Billerbeck, Hermann",,,
Biringucci,,,
"Bissaiga, Giovanni",1609,1691,
"Bizot, Pierre",,,
"Blathwayt, William",---,1717,
"Blech, Matthaeus",---,1693,
"Bleiswyck, Hendrik van",1628,1703,
"Blesendorf, Samuel",1633,1700,
"Blesendorff, Marie Catharina",c. 1679,,
"Block (Bloeck), Ameldonck",1651,1702,
Block (Jacob Heinrich‚Äôs widow),,,
"Block, Jacob Heinrich",,,
"Block, Magnus Gabriel",1669,1722,
"Blomberg, Carl Johann von",---,> 1705,
"Blondel, P. I. ",,,
"Bluhm, Reinhold",---,1690,
"Blum, Heinrich Julius",1624,1699,
"Blumenfeltz, Johann Volkmar",,,
Blumentrost,,,
"Boccabadati, Giovanni Battista",,,
"Bodelschwing, Gisbert, Freiherr von",---,1735,
"Bodenhausen, Rudolf Christian von",c. 1640,1698,
"Bodenhausen, Wilke von",1659,1716,
"Bodini√®re, Michael Salamon de la",,,
"Boeckler, Johann Heinrich",---,1672,
"B√∂diker, Carl Edzard",,,
B√∂hm,,,
"B√∂hmer, Justus Christoph",1670,1732,
"B√∂tticher, Andreas Julius",,,
"Bogdan, Martin",,,
"Boineburg, Anna Christine von",,,
"Boineburg, Johann Christian von",---,1672,
"Boineburg, Philipp Wilhelm von",1656,1717,
"Boineburg, Th.W.",,,
"Boisot, Jean-Jacques",1655,1731,
Bolgaro,,,
Bolingbroke,,,
"Bolst√∂rffer, H. Th. [Clausthal]",,,
Bolte,,,
"Boltte, Anton Frid.",,,
"Bon, Niccol√≤",c. 1635,1712,
"Boncoeur, De",,,
"Bond, Henry",c. 1600,1678,
"Bonet [also Bonnet] de St. Germain, Andr√© Louis Frederic",,,
Bonjour,,,
"Bonn, Johann Otto von",,,
Bonneval Claude Alexandre comte de [also Ahmet Pasha],,,
Bonnivet de Villiers,,,
Bonsi,,,
Bonvisio (Nuntius),,,
"Boos, Johann",,,
"Bopfing, Haake de",,,
Borchward,,,
"Borckenstein, David",---,1687,
Borelli,,,
"Borghini, Selvaggia",,,
"Borgomainero, marquis de",,1695,
"Borkenstein, David",,,
"Bornemann, Rudolf",1650,1711,
"Borsch, Heinrich",,,
"Bosca, Pietro Paolo ",,,
"Bose, Johann  Andreas",---,1674,
"Bosse, Johann Caspar",,,
"Bossen, Achaz Rudolf",,,
"Bossuet, Jacques-B√©nigne",1627,1704,
"Bothmar (Bothmer, Wittwe?)",,,
"Bothmer, Johann Caspar von",1656,1732,
Boucoeur de,,,
"Boulduc, Simon",---,1729,
"Bouquet, Jacques",---,1715 or 1716,
"Bourdelot, Abb√© ‚Üí Michon",,,
Bourdillon,,,
Bourgeauville de,,,
"Bourgeois Du Chastenet, Louis [also Du Duastenet]",---,1725,
"Bourguet, Louis",1678,1742,
"Bourlie, comtesse de la",,,
"Bouthillier, Fran√ßois",,,
"Bouvet, Joachim",1656,1730,
"Boyle, Robert",1627,1692,
"Boysset, de",,,
"Boysset, de",,,
"Brabeck, Jobst Edmund Freiherr von, bishop of Hildesheim",,,
"Brady, Robert",---,1700,
"Bragelongne, Fran√ßois de, Sieur d‚ÄôEstinville",---,1706,
"Brancati, cardinal",,,
"Brand, Heinrich (Henning)",1638,> 1698,
"Brand, Margareta",,,
Brandenburg (Domkapitel),,,
Brandenburg (Kurf√ºrst),,,
Brandenburg (Markgraf),,,
Brandenburg (Minister),,,
"Brandenburg (Regierungen, Konsistorien usw.)",,,
"Brandenburg, Christian Ernst (Markgraf)",,,
"Brandenburg, Geheime R√§te in Berlin",,,
"Brandshagen, A.",,,
"Brandshagen, Anna Katharina",---,1685,
"Brandshagen, Anna Margarete",,,
"Brandshagen, Jobst Dietrich",1659,c. 1716,
"Brandshagen, Johann",,,
"Braun, Georg Christoph",---,1709,
"Braun, Heinrich",,,
"Braun, Johann",,1723,
"Braun, Johann",1628,1709,
Braunschweig-Hannover (Geheime R√§te),,,
"Braunschweig-L√ºneburg, Bergamt zu Clausthal",,,
"Braunschweig-L√ºneburg, Bergrechnungs-Deputation",,,
"Braunschweig-L√ºneburg, Deputierte ‚Üí Zellerfeld, Deputierte von",,,
"Braunschweig-L√ºneburg, Geheime R√§te zu Celle",,,
"Braunschweig-L√ºneburg, Geheime R√§te zu Hannover",,,
"Braunschweig-L√ºneburg, Geheime R√§te zu Wolfenb√ºttel",,,
"Braunschweig-L√ºneburg, Gewerke zu Clausthal",,,
"Braunschweig-L√ºneburg, Hannover und Celle",,,
"Braunschweig-L√ºneburg, Kammer zu Hannover",,,
"Braunschweig-L√ºneburg, Minister zu Hannover",,,
"Braunschweig, Justizkanzlei",,,
Brawhartt,,,
"Bray, Thomas",,,
"Brechtfeldt, Hinrich",,,
"Brederode, Mme de",,,
Breithaupt,,,
"Breithaupt, A.E.",,,
"Breithaupt, Chr.Andr.",,,
"Brenner, Joh.",,,
"Brenneysen, Enno Rudolph",1669,1734,
"Bressler und Aschenburg, Ferdinand Ludwig von",1681,1722,
"Bretesche, Marquis de la",,,
"Brettonne, De",,,
"Brevern, Karl von",,,
"Breyn, Johann Philipp",,,
Bribaud,,,
"Brice, Germain",1652,1727,
"Briegel, Georg Carl [also Briegell]",1650,,
Brienne,,,
Brinck,,,
"Brinon, Marie de",1631,1701,
Bristol (Bischof George),,,
"Brockhausen, Justus Heinrich",,,
"Brocktorff, J.",,,
"Broeckhuysen, Benjamin",,,
"Brosseau, Christophe",1630,1717,
"Bruce, Jacob Daniel",,,
Brueys,,,
"Brunet, Johann Ludwig",,,
Brunsmann,,,
"Brydges, James",1673,1744,
"Bucelinus, Gabriel",1599,1691,
Buchh√§ndler,,,
"Buchhaim, Franz Anton von",1663,1718,
Buchhaims Bedienstete,,,
Buchholz,,,
"Buchta, Christoph Enoch",,,
Buckel,,,
Buckingham,,,
"Buddeus, Johann Franz",1667,1729,
"B√ºlow, Dietrich Wilhelm von",1664,1737,
"B√ºlow, Joachim Heinrich von",1650,1724,
"B√ºssing, Caspar",1658,1732,
"B√ºtemeister, Johann Daniel",,,
"B√ºttner, Georg Conrad",1648,1693,
Bulleyn,,,
"Bulteau, Charles",1627,1710,
"Bulyowsky de Dulycz, Michael (Mih√°ly)",,,
"Buno, J.",,,
"Buonarroti, Filippo [also Buonarotti]",1661,1733,
"Buquoit, Jean Albert d‚ÄôArchambaud",,,
"Burckhard, Jakob",,,
"Burckhard, Johann Heinrich",,,
"Burgess, Daniel",,,
"Burgundio, Horatio",,,
"Burman, Pieter",,,
"Burnet [""l‚Äôain√©, Sohn G.B‚Äôs""]        ",,,
"Burnet, Gilbert (Bishop of Salisbury)",1643,1715,
"Burnet, Thomas",,,
"Burnet, Wilbert",,,
"Burnett of Kemney, Thomas",1656,1729,
"Bur√üfelde (Kloster, Abbot)",,,
Busch,,,
"Bussche, Albrecht Philipp von dem",1639,1698,
"Bussche, Clamor von dem",1640,1723,
"Bussche, Heinrich Albert von dem",1664,1731,
"Bussche, Philipp Wilhelm von dem",1682,1706,
Buterfield,,,
Calckberner,,,
"Calixt, Friedrich Ulrich",1622,1701,
"Calv√∂r, Caspar",1650,1725,
"Cambray (Archbishop, Fenelon)",,,
"Campen, J. W. von",,,
"Campo, Petrus de",,,
"Camus, Cardinal de",,,
Candor ‚Üí Leremite,,,
"Canon, Claude-Jacques",1638,1698,
"Canstein, Karl Hildebrandt von", 1667¬†,1719,
"Cantelli, Giacomo",1643,1695,
Cantelmo,,,
Canterbury (Erzbischof),,,
"Canton, Franciscus, P.",,,
"Caraffa, Conte di",,,
"Carcavy, Pierre de",c. 1600,1684,
"Cardilucius, Joh. Hiskias",1630,1697,
Carl Theodor Otto F√ºrst zu Salm,1645,1710,
"Carll, Conrad",---,---,
Carlo Emanuele of Savoy [the Third?],,,
"Caro, Francesco CRS",---,---,
Caroline von Ansbach > Wilhelmine Caroline von Ansbach,1683,1737,
Carolus Hildesiensis,,,
"Carpzov, Samuel Benedikt",1647,1707,
Carrar [Carrara?],,,
"Casati, Ludovico SJ [L writes Casani]",---,1730,
Caselius,,,
"Casoni, Lorenzo",,,
Cassaw,,,
"Cassini, Gian Domenico",1625,1712,
"Castner, Caspar SJ [also Gaspar]",,1709,
"Castri, Ottavio",,1694,
"Catelan, Abb√©",,,
"Caze, C√©sar",1641,1720,
"Celes, Martino",,,
"Cellarius, Christoph",1638,1707,
"Cellarius, Justus",1649,1689,
Celle & Wolfenb√ºttel (Geh. R√§te),,,
Cera [so Ritter; maybe Giovanni Ceva in Mantua],,,
"Chaine, P. de la",,,
"Chamberlayne, John",1666,1723,
Chamillard,,,
"Chapelain, Jean",1595,1674,
"Chappuzeau, Christophe",1656,1734,
"Chappuzeau, Samuel",1625,1701,
Charles II King of Great Britain,1630,1685,
"Charleton, Walter",1619,1707,
Charlotte Felicitas von Braunschweig-L√ºneburg (d‚ÄôEste Modena),1671,1710,
"Chauvin, Etienne",1640,1725,
"Chevreuse, Charles-Honor√©, Duc de",1646,1712,
"Cheyne, George",1671,1743,
Chodowiecki,,,
"Chouppes, Aymar de",c. 1660,> 1710,
Christian August von der Pfalz (Pfalzgraf),,,
Christian August von Schleswig-Holstein,,,
Christian Ludwig von Mecklenburg-Schwerin,1623,1692,
Christian V King of Denmark,,,
Christian von Braunschweig-L√ºneburg,1671,1703,
"Christiani, Georg",1622,1684,
"Christine Charlotte, F√ºrstin von Ostfriesland",1645,1699,
Christine Louise von Oettingen (Braunschweig-L√ºneburg-Wolfenb√ºttel),1671,1747,
Christine Queen of Sweden,1626,1689,
"Chuno, Johann Jacob Julius [also Cuneau, Couneau]",1661,1715,
"Ciampini, Giovanni Giusto",1694,1698,
"Cibo, Alderano",1613,1700,
"Cima, Nicola Agostino",,,
"Cimicelli, Cesare",1641,1698,
Citters,,,
"Clacius, Georg Friedrich [also Glacius]",,,
"Clarke, Samuel",1675,1729,
Claude,,,
Clausthal (Bergamt),,,
Clausthal (Faktorei),,,
Clausthal & Zellerfeld (Berg√§mter),,,
Clemens XI. (Pope),,,
"Clement, Simon",1654,1730,
"Clerff, Johannes SJ",1639,1700,
"Cleve [""braunschweigischer K√§mmerer""]",,,
"Cleyer, A.",,,
"Clodius, Joh. Christian",,,
"Cl√ºver, Detlev",c. 1645,1708,
"Coccejus, Heinrich",,,
"Coch, Otto Christian",< 1680,> 1718,
"Cochenheim, Ernst von",---,1719,
"Cochius, Christian",,,
"Cockburn, Patrick",,,
C√∂lln (B√ºrgermeister & Rat),,,
"C√∂rber, Caspar",1658,1700,
"Colbert, Jean Baptiste",1665,1746,
Colenbach,,,
"Collas, J. de",,,
Collegium Humanitatis Portense  identisch mit 455?,,,
"Collins, John",1625,1683,
Colllegium Humanitatis von Schulpforta,,,
"Colt, William Dutton",1645/46,1693,
"Comenius, Johannes Amos (Jan Amos Komensk√Ω)",1592,1670,
"Comiers, Claude",c.1600,1693,
"Compi√®gne, Louis de [Carl Maria or Daniel Weil de Metz, then L. de C. (de Veil)]",1637?,> 1690,
"Conerding, Brandanus August",1652,1707,
"Conring, Hermann",1606,1681,
"Consbruch, Caspar Florenz von",1655,1712,
"Conti, Antonio",1677,1749,
"Conti, Carlo? (Carolus de Comitibus)",,,
"Coppenstein (Koppenstein), Clara Elisabeth",1645,> 1708,
Copperwien,,,
"Cordemann, Georg Friedrich",1659,1723,
"Corfey, Gerhard",---,1687,
"Cornaro, Doge of Venice",,,
"Corradi, Bernardino",1634,1706,
"Corswarem, Joseph Graf von",,,
"Cosimo III de‚Äô Medici, Grand Duke of Tuscany",,,
"Coste, Pierre",1668,1747,
Costius,,,
"Cotelier, Jean Baptiste",1629,1686,
Couplet,,,
"Cousin, Louis",1627,1707,
Coventry,,,
"Craanen, Theodor",1620,1690,
"Crafft, Dorothea, born Helf(e)rich",1636,1708,
"Crafft, Johann Christoph",---,1679,
"Crafft, Johann Daniel",1624,1697,
"Craig, John",,,
Craigh,,,
Cramer,,,
Cramprich,,,
"Crasso, Lorenzo",1623,1691,
"Crawford, John ‚Üí Ker of Kersland",,,
"Crellius, Samuel (Crell-Spinowski)",1660,1747,
Crenius,,,
"Cressett, James",1655,1710,
"Crewius, Thomas",,,
Croghs,,,
"Crusen, Christoph Bernhard",1674,1744,
"Cuisson, Jean [‚ÄúVerleger in Paris‚Äù]",,,
Cumberland,,,
"Cunibert, Jean",,,
"Cunningham, Alexander (I)",1655,1730,
"Cunningham, Alexander (II)",1654,1737,
"Cunningham, James",,,
"Cuper, Gisbert",1644,1716,
Cur√© de Versailles,,,
Curland (F√ºrst),,,
"Curtius, Sir William",1599,1678,
"Cusson, Jean",---,1704/05,
"Cyprian, Ernst Salomon",1673,1745,
"Cyprianus, Johann",1642,1723,
D√§n. Gesandter,,,
"Dagly, G√©rard",1660,1715,
Dalenc√© ‚Üí Alenc√©,,,
"Damaideno, Teodoro",1655,1690,
"Damian Hartard von der Leyen, Prince of Mainz",1624,1678,
"Danckelman, Eberhard Christoph Balthasar von",1643,1722,
"Danckelmann, Daniel Ludolf",,,
"Danckelmann, Karl Ludolf",,,
"Danckelmann, Thomas Ernst",,,
"Dangicourt, Pierre",1665,1727,
"Dannenberg, Conrad Johann",?,?,
"Dantz, Joh. Andreas",1654,1727,
Danzig (Senat),,,
Danzig (Stadt),,,
"Dauber, Johann Heyderich [also Joh. Friedr.]",---,1691,
"Daum, Christian",1612,1687,
Dautif,,,
"Davanzati, Giuseppe Antonio",1665,1755,
"Davenant, Henry",1679,> 1723,
"Davia, Giovanni Antonio",1660,1740,
Debrecen (evang. Gemeinde),,,
"Dechales, Claude Fran√ßois Milliet de",1621,1678,
"Decker, Valentin",---,1706,
"Deckerr, Johannes",---,> 1687,
Dei Carceri [Monastero?],,,
Delhafen,?,?,
"Delisle, Claude",1644,1720,
"Delisle, Guillaume",1675,1726,
"Della Rena, Cosimo",1614,1696,
"Della Rena, Horatio ",,,
"Des Billettes, Gilles Filleau",1634,1720,
"Des Bosses, Barth√©l√©my",1668,1738Ôªø,
"Des Maizeaux, Pierre",1666 or 1673,1745,
"Des Ursins, Anne-Marie de la Tr√©mouille, princesse",1642,1722,
"Des Vignoles, Alphonse",1649,1744,
"Des Viviers, Jacob Auguste Barnabas (Comte)",---,1692,
"Deseine, Fran√ßois Jacques",---,1715,
"Deuerlein, Friedrich Sigismund [also Deuerlin]",1619,1688,
"Deutz, Antoni [Anthony?]",,,
Devonshire,,,
Diarium Eruditorum Italicum,,,
Dicelius ‚Üí Dietzel,,,
"Diede zum F√ºrstenstein, Hans Eitel von",1624,1685,
"Diemerbroeck, Isbrand van",,,
"Diemerbroeck, Johann van",1646,< 1682,
Dierckens (juvenis Hagiensis),,,
"Dietzel, Matthias [also Ditzel]",1695,1695,
"Dinninger, Wilhelm",,,
"Dionysius Werlensis [also Werl, Denis de]",---,1709,
"Ditfurdt, Otto Arthur von",c. 1635,1695,
"Dobler, Diederich [also Dietrich de Dobbeler]",,,
"Dobrzensky, Friedrich Boguslav",,,
Dodart,,,
"Dohna-Schlobitten, Alexander zu",1661,1728,
"Dolaeus, Johann",1651,1707,
"Dolberg, Peter Josef von",?,1720,
"Domeier, Christian Paul",1624,1705,
"Domeier, Heinrich Christoph",1673,1724,
"Doppelmayr, Johann Gabriel",1677,1750,
"Doppelmayr, Johann Siegmund",,,
"Dornemann, Christoph Heinrich",1682,1753,
"Douceur, No√´l",,,
Douglas,?,?,
"Dragoni, Francesco",1636,< 1711,
"Dransfeld, Justus von",1633,1715,
"Drevet, Pierre",1663,1738,
"Dreyer, B.",,,
"Driesch, Gerhard Cornelius von",1688,1760,
Du Bois [different from Du Vaucel?],,,
"Du Cange, Charles Dufresne, sieur",1610,1688,
"Du Cros, Joseph Auguste",> 1640,1728,
"Du Hamel, Jean-Baptiste",1624,1706,
"Du H√©ron, Charles Fran√ßois Caradas du",1667,1703,
"Du Mont, Andreas",---,1697,
Du Pin [maybe Louis Ellies?],,,
"Du Sauzet, Henri",1687?,1754,
"Du Vaucel (Du Bois), Louis Paul",---,1715,
"D√ºnewald, Johann Heinrich Graf von [?]", 1617,1691,
"D√ºrr, Johann Conrad",,1677,
"Dufresne, Louis",,,
Duillier ‚Üí Fatio de Duillier,,,
"Dulsecker, Johann Reinhold",1667,1737,
Durham,,,
"Dvornikovics, Michael ",,,
Earl of Oxford,,,
"Ebell, Heinrich Christoph",1652,1727,
"Ebersbach, Gottfried",,,
"Ebertz, Georg Christoph von",,,
Eckard,,,
"Eckhard, Arnold",1642,1685,
Eckhart (Bruder),,,
"Eckhart, J.W.",,,
"Eckhart, Johann Georg",1674,1730,
"Eckhart, R.E. (Frau)",,,
"Edzard, Esdras",1629,1708,
Eger [Andreae Egers] sel. Witwe u. Erben,,,
"Eggeling, Johann Heinrich",1639,1713,
"Egk, Gr√§fin von",,,
Ehinger,,,
"Ehler, Karl Gottlieb",1685,1753,
Ehlers,,,
"Ehrenburg, Alexander Theodor von",,,
"Ehrhart, Johann",,,
"Eichel, Johann",1621,1688,
"Eimmart, Georg Christoph",1638,1705,
"Einert, Nicolas",,,
Einfeldt,,,
Einfeldt,,,
"Eireval, Nicolas Marquis d‚Äô",,,
"Eisenhart, Johann",1643,1707,
Eleonore Magdalene Therese von Pfalz-Neuburg (Empress),,,
Eleonore von Braunschweig-L√ºneburg (born d‚ÄôOlbreuse),1639,1722,
"Elers, Martin",1621,1694,
Elisabeth Charlotte von der Pfalz (Orl√©ans),1652,1722,
Elisabeth Christine von Braunschweig-L√ºneburg-Wolfenb√ºttel [Empress],,,
Elisabeth Dorothea von Hessen-Darmstadt,,,
Elisabeth Ernestina Antonia von Sachsen-Meinigen,,,
Elisabeth von der Pfalz-Simmern (Abbess of Herford),1618,1680,
Elnberger,,,
"Elsevier, Daniel",1626,1680,
"Elsholz, Johann Sigismund",1623,1688,
"Eltz, Friedrich Casimir, Herr zu",1634,1682,
"Eltz, Philipp Adam Edler Herr von und zu",1665,1727,
Embden,,,
"Emer, Giacomo ",,,
"Enckhusen, J.",,,
"Enckhuysen, Pieter von ",,,
"Engelbrecht, Arnold Heinrich",1646,1710,
"Engelbrecht, Georg",1680,1735,
"Engelbrecht, Georg Bernhard",,1730?,
"Engelhard, Nicolaus ",,,
"Engelskirchen, Roland",,1717,
"Erasmi von Huldeberg, Daniel",1660,1733,
Erdter,,,
Erfurt (Statthalter),,,
"Ericus, Johann Petrus",> 1637,> 1697,
"Ernesti, Johann Heinrich",1652,1729,
"Ernestis, Ernst de",,,
Ernst August von Braunschweig-L√ºneburg,1629,1698,
Ernst Ferdinand von Braunschweig-Bevern,,,
Ernst von Hessen-Rheinfels (Landgraf),1623,1693,
Esparza,,,
"Essken, Christian",---,1707,
"Esterhazy, Paul",,,
Eugenio di Savoia (Prince),1663,1736,
"Everdt, Sebastian",,,
"Eyben, Christian Wilhelm von",1663,1727,
"Eyben, Huldreich von",1629,1699,
"Faber, Johann Justus",1658,1735,
"Fabretti, Raffaele",1618,1700,
"Fabri, Honor√© SJ",1607,1688,
"Fabrice, Friedrich Ernst von",1683,1750,
"Fabricius, G.",,,
"Fabricius, Johann (d. J.)",1644,1729,
"Fabricius, Johann Albert",,,
"Fabricius, Johann Ludwig",,,
"Fabritius, Ludvig",,,
"F√§ch, Georg",,,
Fagnani,,,
"Fahrenheit, Daniel Gabriel",1686,1736,
"Fahsius, Johann Justus [also Fasius]",,,
"Falaiseau, Pierre de",1649,1726,
Falckenhan,,,
"Falconer, Robert",,,
"Falet, Louis",---,(?)1703,
"Faltz, Reymond",1658,1703,
"Fantoni, Tommaso SJ",1661,1711,
"Fardella, Michel Angelo",1650,1718,
"Farinelli, Gian Battista",,,
"Farnese, Countess",,,
"Farquharson, Henry",1648,1729,
"Fasch, Johann Augustin",,> 1715,
"Fatio de Duillier, Nicolas",1664,1753,
Faudel,,,
"Faure Ferri√©s, Jacques de",,,
"Feller, Joachim Friedrich",1673,1726,
"Felwinger, J. P. ",,,
"Fenci, Antoine",,,
Fenosy,,,
Ferdinand Albrecht von Braunschweig-L√ºneburg-Bevern,1680,1735,
"Ferdinando de‚Äô Medici, Grand Prince of Tuscany",---,1713,
"Ferguson, Johann Jakob",ca. 1630,1691,
Fermat,,,
"Ferrand, Louis",1645,1699,
Feuquieres,,,
Fewersham,,,
"Fidler, Gottlieb",c. 1660,1704,
Fige,,,
"Findekeller, Christoph Daniel",1634,1694,
Finetti,,,
Fiorentini,,,
Fischer,,,
"Flach, Daniel",---,1694,
Flandern (St√§nde),,,
Fleischer,,,
"Fleischmann, G. Fr.",,,
"Flem(m)ing, Heino Heinrich [also Heinrich Heino von]",1632,1706,
"Flemmer, Ferdinand Albrecht",1650,1700,
"Flemming, Jakob Heinrich von",1667,1728,
"Floramonti, Francesco de",1631,> 1690,
"Florentini, Mario",,,
"Florenville, Jean",,,
"F√∂rster, Nicolaus",1657,1732,
"Fogel, Martin",1634,1675,
"Folard, Jean-Charles de",,,
"Folte, Bernhard",,,
"Fonseca, Franciscus  de",,,
"Fontaney, Jean de SJ",1643,1710,
"Fontenelle, Bernard Le Bovier de",1657,1757,
Formont,,,
Forneret,,,
"Foucher, Simon",1644,1696,
"Fountaine, Andrew",1676,1753,
"Fraguier, Claude Fran√ßois",1666,1728,
"Fraiser, Peter",,,
"Francesco II d‚ÄôEste, Duke of Modena",1660,1694,
Francesco Sigismondo d‚ÄôEste,1647,,
"Franchini, Giovanni",1633,1695,
"Francke, August Hermann",1663,1727,
"Franckenau, Georg Franck von",1644,1704,
"Frandorff, Christoph",1655,1725,
"Frankenberg, Friedrich Leutholf von (Zech, Bernhard von)",,,
Frankf. Gesandtschaft,,,
Frankfurt (Stadt),,,
Frankfurt/M. (Magistrat),,,
"Fraundorff, Johann",,,
"Freiesleben, Christian",---,1680,
"Freiesleben, Christian Heinrich",,,
"Freiesleben, Clara Elisabeth",---,1691,
"Freiesleben, Johann Friedrich",1659,1722,
"Freiesleben, Johann Friedrich (jun.)",,,
"Freisleben, Heinrich Ludwig",1657,1726,
"Freitag (Freytag), Gottfried",---,1719,
"Fri(e)sendorff, Karl Gustav von",1663,1715,
"Fricx, Eug√®ne-Henri",---,> 1727,
Friedrich August von Sachsen,,,
Friedrich Carl von W√ºrttemberg,,,
Friedrich Christian von Schaumburg-Lippe,1655,1728,
Friedrich III von von Brandenburg (Friedrich I. King of Prusse),1657,1713,
"Friedrich Karl von Sch√∂nborn, Prince-Bishop of W√ºrzburg",1674,1746,
Friedrich Magnus von Baden-Durlach,,,
Friedrich von Brandenburg-Ansbach,,,
Friedrich von Sachsen-Gotha (Herzog),,,
Friedrich Wilhelm von Brandenburg,,,
Friedrichsen,,,
"Friese, Detlev Marcus",1634,1710,
"Friesen, Carl Frh. v.",,,
"Frisch, Johann Leonhard",,,
"Fritsch, Thomas",1666,1726,
Frix,,,
Froboese,,,
Fr√∂lingius,,,
"Fuchs, Christian",,,
"Fuchs, Paul von",1640,1704,
"F√ºrstenberg, Dietrich Caspar von",1615,1675,
"F√ºrstenberg, Ferdinand von",1626,1683,
"F√ºrstenberg, Franz Egon von",1626,1682,
"F√ºrstenberg, Franz Egon von (Bishop of Strasbourg)",1626,1682,
"Fugger, Paul von",1637,1701,
Fulda (Abt von),,,
"Fury, George",,,
G√§rtner,,,
"G√§tke, J. W.",,,
"Gakenholz, Alexander Christian",1672,1717,
"Galli, Giovanni Antonio de [also Gallo]",1656,1717,
"Galli, Giuseppe Carlo",---,1709,
"Galliani Coccapani, Giovanni",1635,1711,
"Gallois, Jean",1632,1707,
"Gamans, Johann SJ [also Jean]",1606,1684,
"Gamberti, Domenico SJ",1627,1700,
"Gambracht, Ludwig ",,,
"Garelli, Giovanni Battista",,,
"Garelli, Pio Nicola",1670,1739,
"Gargan, Charles-Nicolas",c. 1675,1736,
Gebhardi,,,
"Gee, Edward",1657,1730,
Geheime R√§te ‚Üí Brandenburg,,,
Geheime R√§te ‚Üí Braunschweig-L√ºneburg,,,
Geheime R√§te in Hannover und Celle,,,
"Gehema, Johann Abraham",,1715,
"Gehlen, Cord Plato von",1661,1723,
"Geier, Martin",---,1680,
"Gemmingen, Fr√§ulein von ",,,
General-Hofzahlamt,,,
Generale d. kgl. Heeres,,,
Generalstaaten,,,
"Gengenbach, Johann Heinrich ",,,
"Gent, Pieter van",,,
"Gentilotti von Engelsbrunn, Johann Benedikt",1672,1725,
Geofroy [√âtienne Fran√ßois Geoffroy?],,,
Georg August von Braunschweig-L√ºneburg,1683,1760,
Georg Ludwig von Braunschweig-L√ºneburg,1660,1727,
Georg Wilhelm von Braunschweig-L√ºneburg,1624,1705,
"Gerbillon, Joh. Franc.",,,
"Gerbrandt, Zacharias",,,
Germain,,,
"Germer, Georg",1644,1708,
"Germon, Bartholom√© SJ",,,
"Gersdorf, Geh. Rat von",,,
"Ge√üner, Joh. Matthias ",,,
"Gevers, Johann Heinrich",,1711,
Geyersberg [also Geyersperg],,,
Gezelius (Bishop of √Öbo),,,
"Gian Gastone de‚Äô Medici, Grand Duke of Tuscany [also Giovanni]",1671,1737,
"Giannini, Carlo Antonio, Conte",,,
"Giardini, Pietro Giovanni",,,
"Gichtel, Johann Georg",1638,,
"Giesebert, Heinrich",1604,1677,
Gie√üen (Pr√§sident),,,
"Gimpel, Johann Jacob",,,
"Ginski, T.",,,
"Giordani, Vitale [also Giordano]",1633,1711,
Giornale de‚Äô Lett. (Modena),,,
"Giusti, Tom(m)aso",c. 1644,1729,
"Gl√§√üner, Caspar",,,
Glandorff [Kaspar Florentius Graf Glandorff?],,,
"Gleditsch, Johann Friedrich",1653,1716,
"Gleditsch, Johann Ludwig",,1741,
"Gleich, Fr. M. v.",,,
"Gloxin, Johann von",---,1690,
Gobelius Abbas Montanus,,,
"Godeau, Simon",,,
"G√∂bel, J. W.",,,
G√∂ncz (evang. Gemeinde),,,
"G√∂rtz, Fr. E. von",,,
"G√∂rtz, Friedrich Wilhelm von",1647,1728,
G√∂ttingen (B√ºrgermeister & Rat),,,
G√∂ttingen (Senat),,,
"G√∂tz, Thomas Matthias, Erben",,,
Gohrenius [Adolph Wilhelm Gohren??],,,
"Goldbach, Christian",1690,1764,
"Goldner, G. L., Rector zu Gera",,,
"Golovin, Fedor Alekseeviƒç",1650,1706,
"Golovkin, Alexander Gavriloviƒç [also Golovkin jun.]",,1760,
"Gonzales, Thyrso SJ",,,
Gonzalez,,,
"Gori, Antonio Francesco",,,
"Gorinus, Jo. Paulus, Pater",,,
"Gottschalck, Hans [Johann] Heinrich",,,
"Gottschling, Caspar",,,
"Grabe, Christian",---,1713 (?),"17021031 | 02 X 31 | 17021031; L; Berlin; I,21 N. 364"
"Grabe, Johann Ernst",,,
"Grabe, Martin Sylvius",,,
Grabow,,,
"Gr√§ff, Johann [also Gr√§ve]",,,
"Graevius, Johann Georg",1632,1703,
Gramont,,,
"Grandi, Guido [Luigi Guido] OSB",1671,1742,
"Grandi, Jacopo",1646,1691,
"Grau, Christian Gottlieb",1656,1715,
"Gravel, Jacques, Abb√© d‚ÄôArgentan",---,1679,
"Gravesande, Willem Jacob ‚Äôs",,,
Gravina,,,
Grebnitius,,,
"Gregory, David",,,
"Gregory, James",,,
"Greiffencrantz, Christian Albrecht Nicolai von",,,
"Greiffencrantz, Christoph Joachim Nicolai von",1649,1715,
Grenoble (Di√∂zese),,,
"Grew, Nehemiah",1641,1712,
"Grey, Thomas 2nd earl of Stamford",1654,1720,
"Griendel von Ach, Johann Franz [also Griendl] OFM",1631,,
"Grimaldi, Claudio Filippo SJ",1639,1712,
Grimani,,,
Grimarest (J.-L.‚Äôs Widow),,,
"Grimarest, Jean-L√©onor Le Gallois de",1659,1713,
"Groddeck, Gabriel",,,
"Gr√∂ning, Johann",1669,1747,
Grosman,,,
"Grote, August",1638,1700,
"Grote, G.",,,
"Grote, Otto von",1637,1693,
"Grote, Thomas",1674,1713,
"Grote, Thomas Friedrich",---,1720,
Grubenhagen (F√ºrstentum),,,
"Gruber, Caspar",c. 1640,1695,
Grumbein,,,
"Grundmann, Christian",1668,1718,
"Grupen, Christian Ulrich",1692,1767,
Guazzesi,,,
"Gude, Marquard",1635,1689,
"Gudenus, Johann Christoph",1632,1705,
"Gudenus, Johann Moritz",1639,1688,
Guenebat,,,
G√ºnther (Mechanicus),,,
"Guericke, Otto von",1602,1686,
Guerini,,,
"Guglielmini, Domenico",1655,1710,
Guiccardi [Guicciardi?],,,
Guidelli,,,
Guidetti,,,
"Guidi, Giuseppe, Abate",---,c. 1720,
"Guinigi, Alessandro",1673,1748Ôªø,
Guldenl√∂w,,,
"Gumpel, Moses?",,,
Gunmann,,,
"Gwynne, Rowland",,,
"Haak, Theodore",1605,1690,
"Habbaeus von Lichtenstern, Christian",1627,1680,
"Haberstroh, Johann August",1667,,
"Hackmann, Frau",,,
"Hackmann, Friedrich August ",1670,1734,
Hacquart,,,
"Haendel, Chr..",,,
"Haes (Haas), Johann Sebastian",1641,1697,
"Hagen, Friedrich Caspar",,LBr351,
"Hagen, Johan(n)",< 1670,> 1697,
"Hahn, Simon Friedrich",1692,1729,
Hallard,,,
Haller,,,
"Halley, Edmond",1656,1742,
"Hamberger, Georg Albrecht",1662,1716,
Hamburg (Rat),,,
"Hamel-Bruyninx, Jacob Jan",1661,1738,
"Hammer, Joh. Martin",,,
Hammerer,,,
"Hammerstein, Christoph Ludolf von",1646,1728,
"Hamrath, Friedrich von",1665,1726,
Han (Kanzler),,,
"Hanisius, David",1630/35,1681,
Hanmer,,,
Hannover (e.Minister),,,
Hannover (Geh.& Kammerr√§te),,,
Hannover (Geh.R√§te),,,
Hannover (Justizkanzlei),,,
Hannover (Kammer),,,
Hannover (Konsistorium),,,
Hannover (Minister),,,
Hannover (R√§te),,,
Hannover (Regierung),,,
Hannover (Vizekanzler & R√§te),,,
Hannover Kammer,,,
"Hannover, Geheime R√§te",,,
"Hannover, Minister)",,,
"Hansch, Michael Gottlieb ",1683,1752,
"Hansen (later Hansen von Ehrencron), Friedrich Adolf von",1652,1711,
Hansi,,,
"Hanssen, Erich",,,
"Hardenberg, Christian Ulrich von",1663,1735,
"Harding, Hartung Henning",1664,1720,
Hardkenius,,,
"Hardouin, Jean SJ",1646,1729,
"Hardt, Hermann von der",1660,1746,
"Hardt, Richard",,,
"Harling, Anna Katharina von",1624,1702,
"Harling, Christian Friedrich von",1631,1724,
"Harrach, Alois Thomas Raimund Graf",1669,1742,
"Harris, John",,,
"Hartsoeker, Nicolas",1656,1725,
"Hartung, Johann Christoph",---,1695,
"Hartzing, Pieter",1633,1680,
"Has, Gottfried Salomon",,,
"Has, Johann Matthias",,,
"Hasperg, C.R.",,,
Hattenbach,,,
"Hattenbach, von ",,,
Hattorf,,,
"Hattorff, E.F.",,,
"Hattorff, H.Ph.",,,
"Hattorff, Johann von",1637?,1715,
"Hauenstein, Thomas Heinrich",---,1683,
Haversham,,,
Hazard,,,
"Hebenstreit, Johann Paul",1660,1718,
"Heck, Gilles van der",1650,1711,
"Heckenberg, Hermann Bodo",1652,1729,
"Hecker, Constantin Gabriel",1670,1721,
"Heems, Arnold von",---,1718,
Heermann,,,
"Heermann, J. G.",---,1686,
Heeser,,,
"Heiland, August",1647,1713,
Heilu?,,,
"Heimburg, Jost Heine von",1659,1721,
"Heineccius, Johann Michael",1674,1722,
"Heinsius, G. C. ",,,
"Heinson, Johann Theodor",1665,1726,
"Heise, Cyriacus Gabriel",,,
Heiss,,,
Hei√ü,,,
Hei√ü (Frau),,,
Hei√ü jr.,,,
"Hei√ü, Johann von",---,c. 1688,
"Heldt, Georg",---,1716,
"Helffrich, Bruder Dor. Craffts",,,
"Helmold, Georg Ludwig",1663,1733,
"Helmont, Franciscus Mercurius van",1618,1698,
"Helms, Friedrich",,,
"Hendreich, Peter Ludwig ",1673,1725,
"Henfling, Konrad",,,
"Hennenberg, Heinrich Georg",1670,1717,
Hennig,,,
"Hennings, C.W.",,,
"Hennings, Joachim Carl",,,
"Hennings, Johann Daniel",,,
"Henricus, Justus",,,
Henriette Christine von Braunschweig-L√ºneburg-Wolfenb√ºttel,,,
"Hentze, Johann Arend",,,
Hentzi,,,
"Henzen, Johann Wilhelm",,,
"Heraeus, Carl Gustav",1671,1725,
Herke,,,
"Hermann, Jakob",1678,1733,
"H√©ron, Charles-Fran√ßois de Caradas du",1667,1703,
Herpffer,,,
"Herr, Burchard",,,
"Herseler, Ernest",,,
"Hertel, Lorenz",1659,1737,
"Hertius, Johann Nicolaus",1651,1710,
Herzogl.Bibl. Zeitz,,,
"Hesenthaler, Magnus",1623,1681,
"He√üe, Hans Caspar",,,
Hesselmann,,,
Hessen-Cassel (Regierung),,,
Hessen-Darmstadt,,,
"Heubel, J.H.",,,
"Heugel, Johann Albrecht (Albert) von [also: Heugel und Plockwitz]",1655,(?)1716,
"Heunisch, Adam Ignaz",1662,,
"Heusch, Johann Wilhelm",c. 1667,1719,
"Hevelius, Johannes",1611,1687,
Heyendal,,,
Heyn (sen.),,,
"Heyn, Friedrich",1653,1724/25,
Heysperg,,,
Hilarius,,,
"Hildebrand, Jacob Henrik",1669,1719,
Hildesheim (Domkapitel),,,
"Hill, R.",,,
Hilsmann,,,
Hinderer,,,
Hintz,,,
"Hin√ºber, Anton Johann",1655,1719,
"Hin√ºber, Johann Melchior",1672,1752,
Histoire des Ouvrages des S√ßavans,,,
Hjaerne,,,
"Hobbes, Thomas",---,1679,
"Hocher, Joh. Paul",---,1683,
"Hochmeister, Jochen Hermant",,,
"Hochstetter, Andreas Adam",,,
"Hodann, Johann Friedrich",1674,1745,
"H√∂fler, Johann Christoph",1667,,
"H√∂rnigk, Johann Moritz von",1649,1717,
"H√∂rnigk, Philipp Wilhelm von",1640,1714,
"Hoffmann, Anna Catherina",,,
"Hoffmann, Friedrich",,,
"Hoffmann, Hieronymus Friedrich",---,1728,
"Hoffmann, J.P.",,,
"Hoffmann, Johann Heinrich",,1680,
"Hoffmann, Johann Heinrich",,,
Hofkammer,,,
"Hohendorf, Baron",,,
"Hohenstein, Seiffart",,,
Hojer,,,
"Holeysen, Christian",,,
Holsten,,,
"Holten, Albrecht von",1637,1677,
Holtshalle,,,
"Homberg, Wilhelm",,,
"Homborg, Andreas",1656,1714,
Honemann,,,
Hook,,,
"Hooke, Robert",1635,1703,
"Hop, Jacob",1654,1725,
"Hoppenstedt, Christ, Caspar",,,
"Horb, Johann Heinrich",1645,1695,
"Horch, Heinrich",,,
"Hornschuch, Johann",,,
"Horst, Johann Daniel",---,1685,
"Hottinger, Johann Jakob sr.",1652,1735,
"Hove, Michael ten",1640,1689,
"Hozier, Charles Ren√© d‚Äô",1640,1732,
"Hudde, Jan",1628,1704,
"H√ºbner, Christoph",,,
"H√ºneken, Heinrich",---,1708,
"H√ºselitt, Moritz",,,
"Huet, Pierre-Daniel",1630,1721,
Hugenotten in Savoyen,,,
"Hugo, Joh. Burchard",---,1707,
"Hugo, Johann",,,
"Hugo, Ludolf",1632,1704,
"Hugony, Charles",u.1670,n.1714,
"Huighens, Hub.",,,
Huldenburg,,,
"Hulin, Jacques",,,
"Humbert, P[ierre?].",,,
"Huthmann, Henning",---,1729,
"Hutton, John",---,1712,
"Huygens, Christiaan",1629,1695,
"Huyssen, Heinrich van",1666,1739,
"I..., Freifrau von",,,
"Ilgen, Heinrich R√ºdiger",1654,1728,
"Ilten, Jobst Hermann von",1649,1730,
"Imbsen, Johann Theodor von",,,
"Imhof, Anton Albrecht von",1653,1715,
"Imhof, Jakob Wilhelm",1651,1728,
"Imhof, Rudolf Christian von",1660,1717,
Innocentius XI (Pope),1611,1689,
Innocentius XII (Pope),1615,1700,
"Isensehe, Theobald SJ",1674,1733,
"Jablonski, Daniel Ernst",1660,1741,
"Jablonski, J.D.",,,
"Jablonski, Johann Theodor",1654,1731,
"Jablonski, Paul Ernst",1693,1757,
"Jacob, Hans",,,
Jacobeus,,,
Jacobi,,,
"Jacobi, Paul Andreas",---,c. 1684,
Jagwitz,,,
"Jahn, J√∂rg",,,
"Jan Sobieski, King of Poland",,,
"Janninck, Konrad SJ",1650,1723,
"Janssen, Erich",,,
"Janssen, Herman",,,
"Janulli, Anastasio",---,> 1707,
"Jaquelot, Isaac",1647,1708,
"Jartoux, Pierre SJ",,1720,
"Jaworski, Stephan",,,
"Jenisch, Jobst Jacob (J√§nisch Jainsch Janisch)",---,1741,
Jesuiten von Antwerpen,,,
Jesuitengeneral,,,
Jobert,,,
Jodoci,,,
"J√∂rger, Jean Joseph, Graf",,,
"Johann Adolf von Holstein-Sonderburg-Pl√∂n, Duke",1634,1704,
Johann Friedrich von Ansbach,,,
"Johann Friedrich von Braunschweig-L√ºneburg, Duke of Hanover",1665,1679,
Johann Georg II von Sachsen,,,
Johann Georg III von Sachsen,,,
Johann Georg von Anhalt,,,
"Johann Hugo von Orsbeck, Kurf√ºrst von Trier",,,
"Johann Philipp von Sch√∂nborn, Prince and Archbishop of Mainz",1605,1673,
Johann Wilhelm von der Pfalz,,,
Johanna Charlotte von Brandenburg-Schwedt,1682,1750,
Johnstone,,,
"Jonghe, Ignatius de SJ",1632,1692,
"Jordan, Charles √âtienne ",,,
"Joseph Clemens von Wittelsbach-Bayern, Archbishop of Cologne",1671,1723,
Joseph I von Habsburg (Kaiser),1678,1711,
Journal de Hambourg,,,
Journal de Tr√©voux,,,
Journal des S√ßavans,,,
Journal Lit√©raire,,,
Judanitsch (Zidanitsch),,,
Juel,,,
Julius III. (Pope),,,
"Juncker, Christian",1668,1714,
Jung,,,
Jungmann,,,
"Junius, Ulrich",1670,1726,
Junken,,,
Jurien,,,
"Jurieu, Pierre",,,
"Justel, Henri",1620,1693,
"K√§mpfer, Engelbert",,,
K√§rsting,,,
K√§stner,,,
"Kahm, Johann Karl",---,1689,
Kaiserl. Bibl. Wien,,,
Kaiserl. Hofbankgubernium,,,
Kaiserl. Hofbuchhaltung,,,
Kaiserl. Hofkammer,,,
Kaiserl. Hofkammer-Taxamt,,,
Kaiserl. Reichshofratskanzlei,,,
Kaiserl. Resident in Moskau,,,
"Kameke, Ernst Boguslav von",,,
Kametzki,,,
"Kammer zu Hannover ‚Üí Braunschweig-L√ºneburg, Kammer zu",,,
Kannengie√üer,,,
Karg,,,
Karl II King of Spain,1661,1700,
Karl III King of Spain  ‚Üí Karl VI. von Habsburg (Kaiser),,,
Karl Ludwig von der Pfalz,,,
Karl Philipp von Braunschweig-L√ºneburg,,,
Karl VI. von Habsburg (Kaiser),1685,1740,
Karl von der Pfalz,,,
Karl von H.C.,,,
Karl von Hessen-Kassel (Landgraf),1654,1730,
Karl von Lothringen,,,
Karl XII King of Sweden,1682,1718,
Karlsteen,,,
Kaschau (evang. Gemeinde),,,
Kaschau (Gemeinde),,,
Keill,,,
Kellerhaus,,,
"Kelner, Gottfried",c. 1646,,
"Kelp, Justus Johann",1650,1720,
"Kemmerich, Dieterich Hermann",,,
"Ker of Kersland, John (i.e. John Crawford) ",,,
"Ker of Roxburghe, John",ca. 1680,1741,
"Kestner, Heinrich Ernst",,,
"Kettner, Friedrich Ernst",,,
"Kettwig, Mentetus",,,
"Kevel, Johann Reinhard",,,
"Kielmannsegg, S.Ch. Gr√§fin von ",,,
Kielmannsegge,,,
Kilvis,,,
"King, Gregory",1648,1712,
"Kinsky, Franz Ulrich Graf von",1684,1699,
"Kippenbergk, Simon",---,c. 1700,
Kirch,,,
"Kirch, Gottfried",1639,1710,
"Kirch, Marie Margarethe",,,
Kirchberg,,,
"Kircher, Athanasius SJ",1602,1680,
Kirchhoff,,,
"Kirchmayer, Georg Caspar",1635,,
Kirsch,,,
"Kisker, Johann Justus",1660,1714,
Kisleben (Frau?),,,
Kittner,,,
"Kleinburg, Baronin ",,,
"Klencke, Charlotte Elisabeth",1685,1748,
"Klencke, Fr√§ulein von",,,
"Klencke, Leopold von",1678,,
Klepsch,,,
"Klim, Johann Christoph",c. 1668,c. 1730,
"Klinckowstr√∂m, Otto Wilhelm von",1683,1731,
"Klinger, Gottfried",---,1679,
Klinggr√§ff,,,
"Knoche, C.D.",,,
"Knoche, Johann Barthold (Bartholom√§us)",,,
"Knorn, Christian Friedrich",1646,1704,
"Knorn, Heinrich Hartwig",---,c. 1703,
"Knorr von Rosenroth, Chr. (Daughter) ",,,
"Knorr von Rosenroth, Johann Christian",1671,,
"Knorr, M.",,,
Knorrn,,,
Koch (Secretary  Graf von Platen),,,
"Koch, Cornelius Dietrich",1676,1724,
"Koch, J.W.",,,
"Koch, Johann Heinrich",,,
"Kocha≈Ñski, Adam Adamandus SJ",1631,1700,
"K√∂hler, Christoph",,,
"K√∂lbing, Georg Heinrich",,,
K√∂nig,,,
"K√∂nig, M.M.",,,
"K√∂nig, Samuel",,1750,
"K√∂nigsegg, Graf Leopold Wilhelm von",1629,1694,
"K√∂nigsmann, Andreas Ludwig",,,
"K√∂nigsmarck, Maria Aurora von",1662,1728,
"K√∂nigsmarck, Philipp Christoph von",1665,1694,
K√∂penick (Oberamtmann),,,
"K√∂rner, Ernst Wilhelm",,,
Koes,,,
Kohl,,,
"Kolb(e) von Wartenberg, Johann Casimir",1643,1712,
Kolbe von Wartenberg,1648,1710,
"Kolbe von Wartenberg, Catharina (born Rickers)",c. (?)1674,1734,
Kollonitsch,,,
Kolvizius,,,
Konsistorium zu Hannover,,,
Kopiejewicz,,,
"Kormart, Georg",,,
"Korn, Hieronymus",,,
"Kornmann von Hornsbach, Johann Hartmann",1638,,
"Kornzweig, J, J, ",,,
"Kortholt, Heinrich Christian",,,
"Kortholt, Joel Johannes",,,
"Kortholt, Sebastian",1675,1760,
"Kosius, Fr.",,,
"Kotzebue, Christian Ludwig",1661,1706,
"Kotzebue, Jakob Franz",---,1685,
"Kotzebue, Johann Ferdinand",1663,1717,
"Krafft, Johann Daniel",1624,1697,
"Kraus, Johann Ulrich",1655,1719,
"Krause, Johann Gottlieb",1684,1736,
"Krebs, Philipp Helfrich",1723,1723,
Kreienberg,,,
Kresa,,,
"Kress, Johann Paul",,,
"Kroniger, Lorenz",---,(?)1706,
Krop?,,,
Kroseck,,,
"Krosegh, Fr√§ulein von üòç",,,
"Krosigk, Bernhard Friedrich von",1656,1714,
"Kr√ºger, Martin",,,
"Kr√ºsicke, Johann Christian",,,
"Kuckuck, Franz",---,1702,
"K√ºhn, A.",,,
"K√ºnstler, Georg Andreas",1673,,
"K√ºster, Ludolf",1670,1716,
Kugnius,,,
Kumpsthoff,,,
Kunckel,,,
Kurf. Cammer,,,
"La Barre Matei, de",---,1682,
"La Bergerie, Claude Guillaumont de",1658,1743,
"La Bodini√®re, Michael Salomon de",,,
"La Bourlie, Comtesse de",,,
"La Chaise, Fran√ßois de SJ",1624,1709,
"La Citardye, N.",c. 1640,1693,
"La Croze, Mathurin Veyssi√®re de",1661,1739,
"La Fare, Marquis de",,,
"La Gardie, Magnus Gabriel de",1622,1686,
"La Goupilliere, de",,,
La Haye,,,
"La Hire, Philippe de",1640,1718,
"La Hontan, Louis-Armand de Lom d‚ÄôArce baron de",c. 1666,c. 1715,
"La Lande, de",,,
"La Loub√®re, Simon de",1642,1729,
"La Monnoye, de",,,
"La Motte, de",,,
"La Neuveforge, Louis de",---,1697,
La Rociere,,,
"La Roque (La Rocque), Jean Paul de",,1691,
"La Roque, Jean Paul de",---,1691,
"La Rosiere, de",,,
"La Rosiere, de",,,
"La Trappe, de",,,
"L√§mmel, Christoph Friedrich",1659,1719,
Laffert [Hieronymus Wigand?],,,
"Lambeck, Peter",1628,1680,
"Lambelet, Samuel",1663,1727,
Lamberg,,,
"Lana Terzi, Francesco de SJ",1631,1687,
Lancelot,,,
"Lanczynskij (Lanczynski), Ludwik Kasimierz",,,
Landdrost von,,,
"Lange, Johann Christian",1669,1756,
"Lange, Johann Georg",---,1687,
"Lange, Karl Nicolas [also Langius]",1670,1741,
"Langenmantel, Hieronymus Ambrosius",1641,1718,
"Langius, Chr.",,,
"Lani, Georg",1646,1701,
Lantitz,,,
"Lanton, Jean-Baptiste",,,
"Larrey, Isaac de",1638,1719,
"Larroque, Daniel",c. 1660,1731,
"Lasser, Hermann Andreas",---,c. 1675,
"Laub, Philipp Anton",1674,1715,
"Laureati, Giovanni SJ",1666,1727,
"Lautensack, Friedrich Gregor",,n.1748,
"Lautensack, Johann Peter von",1648,1719,
"Lauterbach, Hieronymus Christoph",,,
"Lauterbach, Johann Balthasar",1663,1694,
"Lauwitz, Joh. Phil. (?)",,,
"Le Clerc, Jean",1654,1736,
"Le Duchat, Jacob",1658,1735,
"Le Gobien, Charles SJ",1653,1708,
"Le Long, Jacques",1665,1721,
Le Ruchat,,,
"Le Tellier, Michel SJ",1643,1719,
"Le Thorel, Abb√© (?)",,,
Leak (Admiral),,,
"Leers, Reinier",1654,1714,
"Leeuwenhoek, Anton van",1632,1723,
Lefevre,,,
"Lefevre (Mme, wife)",,,
Leffmann & Behrens,,,
"Lefort, Fran√ßois",1656,1699,
"Lefort, Pierre",1674,1754,
"Lehmann, Peter Ambrosius",1663,1729,
Leibniz‚Äô Erben,,,
Leibniz‚Äô Verwandte,,,
"Leibniz, Anna Elisabeth",,,
"Leibniz, Johann Friedrich",1632,1696,
"Leibniz, Johann Jacob",1653,1705,
"Leibniz, Johanna Regina",1670,,
"Leidenfrost, Friedrich Wilhelm",> 1648,1703,
"Leincker, Johann Lorenz",1682,1735,
Leionader,,,
Leisner,,,
Lemarchand?,,,
"Lemene, Francesco de",,,
"Lenfant (L'Enfant), Jacques",1661,1728,
Lentiz,,,
"Leonessa, Fra Gio. Francesco da",,,
Leopold I. (Emperor),1640,1705,
"Leopold, Achilles Daniel",1651,1722,
"Lequien, Michel",1661,1733,
"Leremite dit Candor, Gui",---,1720,
"Lersner, Joh. Maximilian",---,1702,
"LeTellier, Michel",,,
"Leti, (Maria ?)",,1734,
"Leuckfeld, Johann Georg",1668,1726,
"Levesy, Augustin (Levesius, Augustinus)",,,
"Leyser, August [also Augustin]",1683,1752,
"Leyser, Johann",1631,1684,
"Leyser, Polycarp",1656,1725,
"L‚ÄôH√¥pital (L‚ÄôHospital), Guillaume Fran√ßois Antoine de",1661,1704,
"Liebe, Christian Sigism.",,,
"Liebknecht, Johann Georg",1679,1749,
"Liechtenstein, Anton Florian F√ºrst von",1656,1721,
"Liht, von der",,,
Liliensted,,,
"Limbach, Johann Christoph",1648,1710,
"Lincker von Lutzenwick, Johann",---,1698,
"Linden, Joh. (?) van der",,,
Linov,,,
"Linsen, Dan.",,,
"Linsen, Hans",---,1698,
"Linsingen, Johann Friedrich von",1646,1695,
"Lintolo (Lintelo), v.",,,
Lionne,,,
"Lippe, Graf zur",,,
"Lipper, Jodocus",,,
"Lipper, Johann Georg",1653,nach 1716,
Lisieux,,,
"Listingk (Listingh), Nicolaas",1630,1705,
"Lloyd, William, Bishop of St. Asaph, Lichfield and Worcester",,,
Locamer,,,
Lochner,,,
"L√∂ffler, Anna Katharina",---,1672,
"L√∂ffler, Friedrich Simon",1669,1748,
"L√∂ffler, G.",,,
"L√∂ffler, Simon",---,1674,
"L√∂nner, Johann Heinrich",---,1730,
"Loepe, Joh. Wilh.",,,
Loescher,,,
L√∂wenstein,,,
"Lohmeier, Philipp",1648,1680,
"Lohremann, Gustave",,,
Lombard (SJ ?),,,
London (Geh.R√§te),,,
"Longolius, Johann Daniel",1677,1740,
"Longueil, Charlotte de",---,1717,
"Longueil, Johann Friedrich de",---,1695,
Lorme,,,
Losius (Vater),,,
"Lothar Franz Sch√∂nborn, Archbishop of Mainz",1655,1729,
"Lothar Friedrich von Metternich-Burscheid, Elector of Mainz",,,
Lothringen (Herzogin),,,
"Louis de Bourbon, Dauphin de France [le Grand Dauphin]",1661,1711,
"Louis XIV, King of France",---,1715,
Louise Hollandine von der Pfalz,,,
"Lubienietzky, Teodor von",1654,c. 1715,
"Lucae, Carl (Karl)",1677,---,
"Lucae, Friedrich",1644,1708,
"Lucavis, Cyrille",,,
Lucenti (Abbot),,,
"Lucius, Anton",1635,1704,
"Ludewig, Johann Peter",1668,1743,
Ludolf,,,
"Ludolf, Georg Melchior",1667,1740,
"Ludolf, Heinrich Wilhelm",1655,1712,
"Ludolf, Hiob (Job)",1624,1704,
Ludwig Rudolf von Braunschweig-L√ºneburg-Wolfenb√ºttel,1671,1735,
Ludwig von Baden,,,
"L√ºde (L√ºden), Dorothea Elisabeth von (also Windheim, Dorothea Elisabeth von)",---,nach 1710,
"L√ºde, J.C. (?)",,,
"L√ºdecke, Urban Dietrich von",1655,1729,
"L√ºders (Luderus), Justus",,1708,
"L√ºnde, Ludolf Georg",---,1687,
L√ºneburg (Magistrat),,,
L√ºpken (Family),,,
L√ºtkens,,,
Lugtenburg,,,
Luise Raugr√§fin zu Pfalz,1681,1733,
Luise von Hohenzollern-Hechingen ,,,
"Luneschlos (L√ºneschlo√ü), Johann Philipp",,,
"Luneschlos, [brother of Joh. Phil.?]",,,
Lungershausen,,,
"Luppius, Andreas",1654,1731,
"Lyser, Polycarp",,,
M.C.,,,
Ma[h]ler (?),,,
"Mabillon, Jean",1632,1707,
"Macclesfield, Charles Gerard",1659,1701,
Macedo,,,
Machin,,,
Macky,,,
M√§vei√ü,,,
"Magalotti, Lorenzo",1637,1712,
Magdeburg (Regierung),,,
Magdeburg (St√§nde d.Herzogtums),,,
Magdeburg (St√§nde),,,
"Magirus, Johannes",1627,1697,
"Magliabechi, Antonio",1633,1714,
Magnusson,,,
Mailla,,,
Maimburg,,,
Mainz (Bevollm. in Regensburg),,,
"Mainz, Domprobst u. Statthalter ‚Üí Saal",,,
"Mair, Daniel",---,1701,
Majus,,,
Makreel,,,
Malaspina,,,
"Malchenberg, J. J.",,,
"Malebranche, Nicolas",1638,1715,
"Mallement, Claude",1653,1723,
"Malpighi, Marcello",1628,1694,
"Manfredi, Gabriele",1681,1761,
"Mantels, M.",,,
Maraldi,,,
"Marchesini, Camillo",---,c. 1706,
"Marchetti, Angelo",1674,1753,
"Marchetti, Annibale SJ",1638,1709,
"Marci, Polycarp",1654,1724,
"Marenholtz, Asche Christoph von",1645,1713,
"Margalita, Aaron",c.1663,c.1725,
Mariaval,,,
"Marie Amalie von Kurland, Landgr√§fin von Hessen-Kassel",1653,1711,
"Marie Leopoldine Luise von Hohenzollern-Hechingen, Princess",1666,1709,
"Marino, Pietro",,,
"Marinoni,  Johann Jacob von ",,,
"Mariotte, Edme",c. 1620,1684,
Marlborough,,,
"Marlborough, Sarah",,,
Marmi,,,
"Marperger, Paul Jacob",1656,1730,
Martels,,,
"Martine, de",,,
"Mascov, Johann Jakob",1689,1761,
"Masham, Damaris lady (born Cudworth)",1658,1708,
Massard,,,
Masson,,,
"Mastricht, Gerhard von",1639,1721,
Mateov (Matteof),,,
"Mathion, Oded Louis",1620,1700,
"Matveev, Andrey Artamonovich",1666,1728,
"Mauclerc, Paul Emil",,,
Maumenet (chapelain),,,
Maupertuis,,,
"Mauritius, Erich",1631,1691,
Maurmann,,,
"Mauro, Bartolomeo Ortensio",1634,1725,
"Maximilian Emanuel von Bayern, Kurf√ºrst",1662,1726,
Maximilian von √ñsterreich,,,
Maximilian Wilhelm von Braunschweig-L√ºneburg,,,
Mayer Johann Friedrich,1650,1712,
"Mayer, Johann Abraham",1684,1726,
Mayersperg,,,
"Mazel, David",---,1725,
"Mechov, Georg Friedrich",1661,1709,
"Mechov, Wilhelm",1655,1716,
Mechtl,,,
"Mecken, Bodo Heinrich",1648,1706,
Mecklenburg (Herzogin von) ,,,
Medici (cardinal),,,
"Meelbaum, Burchard Eberhard ",,,
Meghesti (?),,,
"Meibom, Brandanus",1678,1740,
"Meibom, Heinrich",1638,1700,
"Meibom, Hermann Dietrich",1671,1742,
"Meier, Barthold",1645,1714,
"Meier, Gebhard Theodor",,,
"Meier, Gerhard",1646,1703,
"Meier, Joachim",1661,1732,
"Meier, Melchior Daniel",1675,1733,
Meiercron,,,
"Meinders, Hermann Adam",1665¬†,1730,
"Meisch, Christian Albrecht",1629,1698,
"Meissner, Heinrich",1644,1716,
"Mel, Conrad",,,
"Melani, Alessandro",1639,1703,
"Melling, H. E. von",,,
"Memmiger, G.",,,
"Memoires de l‚ÄôAcad.des Sciences, Paris",,,
Memoires de Mathem. et de Physique,,,
M√©nage,,,
"Mencke, Johann Burchard",1674,1732,
"Mencke, Otto",1644,1707,
"Mencken, Otto",---,1703,
"Mendlein, Pandolfo",---,1700,
"Menegatti, Franz SJ",1631,1700,
"Meninski, Franciszek a Mesgnien ",1623,1698,
Menjot,,,
"Mennichen, Georg",,,
"Mentzel, Christian",1622,1701,
"Mentzel, Johann Christian",1661,1718,
Mentzer,,,
"Mercator, Nicolaus",1620,1687,
Merode (Frau),,,
Merode-Motzfeld,,,
"Merode-Westerloo ‚Üí Westerloo, Eug√®ne Count M√©rode de",,,
Merselli,,,
"Mertz von Quirnheim, Johann Wilhelm",1652,1718,
"Messario, J. Bapt.",,,
"Metternich, Graf von",,,
"Metzger, Peter Paul",---,1699,
"Meurer, Johann Ulrich",1673,,
"Meurs von Blauenstein, Friedrich",,,
"Meyenburg, Johann Jacob",,,
Meyer (Frau),,,
"Meyer, Anton Heinrich",,,
"Meyer, August",,,
"Meyer, Barthold ‚Üí Meier, Barthold",,,
"Meyer, H.",,,
"Meyer, Johann",,,
"Meyer, Johann Abraham",1684,1726,
"Meyer, Justus",,,
"Meysenbugk, Karl Wilhelm von",,,
"Mezger, Peter Paul",,,
Mezquita,,,
Michelmann,,,
"Michelotti, Pietro Antonio",1673,1740,
"Michon, Pierre (Abb√© Bourdelot)",1610,1685,
"Mieg, Ludwig Christian",1668,1740,
Milliet-Deschales?,,,
Minister in Regensburg,,,
Minister zu Hannover ‚Üí Braunschweig-L√ºneburg,,,
Misc. Berol.,,,
Misc. cur. med.,,,
Miscellanea curiosa,,,
"Mithoff, Georg Friedrich",1638,1691,
"Mocenigo, Eustachio",c. 1662,1719,
"Mockinck, Nic.",,,
"Moerlin, Johann Gottfried",,,
M√∂rschter,,,
"Moetjens, Adriaan",> 1651,1717,
"Mohr, Georg",1640,1697,
"Moivre, Abraham de",1667,1754,
"Mojer, J.H.?",,,
"Molan, Gustav",,,
"Molanus, Gerhard Wolter [Abbas Luccensis]",1633,1722,
"Mollart, Ferdinand Ernst Graf von [also Mollard]",1648,1716,
"Moller (M√∂ller, M√ºller), Peter",---,> 1702,
"Moller, Hieronymus Hartwig",---,1702,
"Moller, O.H.",,,
"Moltfelt, Hans Andreas",---,1701,
"Molwitz, Nic.",,,
Monatliche Unterredungen,,,
Monatlicher Auszug,,,
"Monbal, Mme",,,
"Monceaux, Ren√©-Henri de Crux de",---,1725,
"Monforte, Antonio",,,
"Monmort, Pierre Remond de [also de Montmaur]",1678,1719,
"Montagu, Charles, Earl of Halifax",1661,1715,
"Montalban, de",,,
"Montemellini, Niccol√≤, conte",,,
"Montguibert, Pierre",,1700,
"Monticelli, Piero",,,
Mooyer,,,
Morel I,,,
Morel II,,,
Morell,,,
Morell (Madame),,,
"Morell, Andr√© (Andreas)",1646,1703,
"Morhof, Daniel Georg",1639,1691,
"Moritz Wilhelm von Sachsen-Zeitz, Duke",,,
Morselli,,,
"Moscardo, Francesco [maybe Francesco Moscardi, conte]",,,
"Mosheim, Johann Lorenz",1693,1755,
"Motzfeld, Isabella Maria Josuina von, born von Merode zu Houffalize",---,1725,
"Moulin, C. de",,,
Mousseaus ‚Üí Dufresne,,,
"M√ºller, Andr[eas?] (Clausthal)",,,
"M√ºller, Andreas",,,
"M√ºller, Elias",,,
"M√ºller, Hans Jacob",1644,1714,
"M√ºller, J.",,,
"M√ºller, J.S.",,,
"M√ºller, Jakob",1649,1703,
"M√ºller, Johann Chr.",,,
"M√ºller, Johann Clemens",,,
"M√ºller, Johann Urban",---,1708,
"M√ºller, Peter (Hamburg) ‚Üí Moller",,,
"M√ºller, Peter (Jena)",---,1696,
"M√ºller, Philipp",1640,1713,
"M√ºnch, J. G.",,,
"M√ºnch, Jakob",,,
"M√ºnchhausen, Busso von",1636,1697,
"M√ºnchhausen, Hieronymus",,,
Muras,,,
"Muratori, Ludovico Antonio",1672,1750,
Muselli,,,
Musschenbroeck,,,
"Musth, Elisabeth (Heinrich‚Äôs widow)",,,
"Musth, Heinrich",,,
"Muys, Wyer Wilhelm",,,
N. (Pater),,,
Naboth,,,
Nanu,,,
Nardini,,,
"Naud√©, Philippe (jun.)",,,
"Naud√©, Philippe (sen.)",,,
"Naumann, Johann",1647,,
"Nazari, Francesco",1634,1714,
"Nessel, Daniel von",1644,1700,
"Nesselrode-Reichenstein, Franz von",1635,1707,
"Neubauer, Friedrich Boguslaff",,,
Neubaum,,,
Neuburg. Gesandter,,,
Neuins,,,
Neumann,,,
"Neumann, Caspar",1648,1715,
"Neumann, Christian",,,
"Newton, Isaac",1643,1727,
"Nicaise, Claude",1623,,
Nicole (Pierre?),,,
Nicolini (Nuntius),,,
Niederlande (Generalstaaten),,,
Nieder√∂sterr. Regierung,,,
"Niemeier, Johann Barthold",1644,1708,
Nienstad,,,
"Nieustadt, Joachim",1623 oder 1624,,
"Nitzsch, Friedrich",1641,1702,
Nivardus,,,
Nolten,,,
"Nomi, Federigo",1633,1705,
"Nomis, Benedictus Andreas Kaspar Baron von",---,1725,
"Noris, Enrico",,,
Nouveau Journal des S√ßavans,,,
Nouvelles de la Republique des Lettres,,,
Nova Literaria,,,
"Noyelle, Charles de SJ",---,1686,
N√ºrnberg (Gesandter in Regensburg),,,
N√ºrnberg (Rat),,,
N√ºrnberger,,,
"Nuntius, apost., in Frankf.",,,
Nyenoort,,,
"Obdam/Opdam ‚Üí Wassenaer, Jacob van",,,
"Oberg, Bodo von",1657,1713,
"Oberg, Friedrich Alhard von",1650,1729,
Obrecht,,,
Ochs,,,
"Ochsenstein, Philipp Jakob Oswald",,,
"Odelstierna, Erik",1661,1704,
Oedenburg (evang. Gemeinde),,,
"Oedt, Johann Christoph Heinrich",,,
Oelven,,,
"Offeln, Georg Ludwig von",---,1733,
"Ohrschall, Johann Christian",,,
"Oldenburg, Heinrich",1618,1677,
"Olearius, Gottfried",,,
"Olitsch, Benjamin",c. 1645,1682,
Oliva (Abt),,,
Olivier,,,
Ollivier,,,
"Onslow, Thomas [also Anslow in the letters]",1679,1740,
"Opitz, Heinrich",,,
"Opitz, Martin",,,
"Oppel, Moritz Friedrich von",---,1707,
Oppermann,,,
Oranien (Prinz von),,,
"Orban, Ferdinand SJ",1655,1732,
Orffreus,,,
"Orschall, Johann Christian",,,
"Osiander, Johann Adam",,,
"Osnabr√ºck (Stift, evang. St√§nde)",,,
Ostermann,,,
Osterode (Magistrat),,,
"Osterwald, Johann Friedrich",,,
"Oswald (Freiherr von Ochsenstein), Philipp Jacob",1643,1703,
"Ott, Johannes",1639,1717,
"Otte, Balthasar Oswald",,,
"Otten, Christian Eberhard",,,
Otto von Braunschweig,,,
"Otto, Gottfried Christian",1670,,
"Otto, Johann Heinrich",---,> 1712,
"Oudin, Casimire",1638,,
"Ourry, Isaac",,,
Ouvrard,,,
"Overbeck, Adolph Theobald",,,
"Overlach, Johann",,,
"Oxenstierna, Axel",,,
"Oxenstierna, Gabriel",,,
"Ozanam, Jacques",1640,1717,
Paar,,,
"Pachelbl von Gehag, Wolfgang Gabriel",1649,,
Pachovius,,,
"Paderborn, Bischof von ‚Üí F√ºrstenberg, Ferdinand von",,,
Pagett,,,
Pajot/Peiot,,,
"Palafox, archbishop of Sevilla",,,
Pallandt,,,
Pallavicini,,,
"Palmieri, Francesco",---,1701,
"Palmieri, Pier Lorenzo",,,
Palthenius,,,
"Panighetti, Reginaldo",,,
"Paolucci, Fabrizio",,,
"Pape, Johann Heinrich",---,c. 1700,
"Papebroch, Daniel SJ",1628,1714,
"Papen, Johann Chr.",,,
"Papin, Denis",1647,1712,
Pappotti,,,
Paris (Erzbischof),,,
Pariser Astrologen),,,
Paskall,,,
Passerin,,,
Pater,,,
"Patkul, Johann Reinhold von ",,,
"Pauli, Georg Daniel",1679,1731,
"Paullini, Christian Franz",1688,1712,
Paurmeister,,,
Paus,,,
"Pegolotti, Gabriele conte",---,1723,
"Peikenkamp, Hermann",c. 1635,1702,
"Pellisson-Fontanier, Paul",1624,1693,
Pelnitz [= P√∂llnitz?],,,
Peneranda,,,
"P√©rier, Br√ºder",1651,,
"P√©rier, Etienne",1642,1680,
"Perrault, Claude",1613,1688,
Pestaluzzi,,,
"Peter the Great, Tsar of Russia ",,,
"Petersen, Johann Wilhelm",1649 ,1727,
"Pethe√∂, Stephanus",,,
"P√©tis de La Croix, Fran√ßois",1622,1695,
"Petyt, William",1641,1707,
"Petzold, Chr.",,,
"Petzold, S.",,,
"Pezron, Paul",1640,1706,
"Pfaff, Christoph Matteus",,,
"Pfanner, Tobias",1641,1716,
"Pfautz, Christoph",1645,1711,
"Pfeffer, Reinhart",,,
"Pfeffinger, Johann Friedrich",1667,1730,
Pflugk,,,
Philipp,,,
Philipp von Hessen-Darmstadt,,,
Philipp Wilhelm von der Pfalz,---,1690,
"Philipp, Christian",1639,1682,
"Philippe Charles II, Duke of Orl√©ans",,,
Philosophical Transactions,,,
Picenini,,,
"Picques, Louis",,,
"Pictet, B.",,,
"Pineau, S.",,,
"Pinsson, Fran√ßois",> 1645,> 1707,
"Pirot, Edme SJ",1631,1713,
"Placcius, Vincenz",1642,1699,
"Plantamour, Philip",,,
"Plappert, Just",---,1694,
"Platen, Franz Ernst von",1631,1709,
"Plettenberg, Hunold SJ",1632,1696,
"Plettenberg, Theodor Christian von",1647,1694,
"Podesta, Johann Baptist",,,
"P√∂hler, Zacharias",c. 1639,1713,
"P√∂llnitz, Henriette Charlotte von",c. 1670,1722,
Poisson,,,
"Polich, Johann Wolfgang",1658,1710,
Polier,,,
Polsd√∂rffer,,,
Polsd√∂rffer & Beer,,,
Pomponne ‚Üí Reffuge,,,
Portland ‚Üí Bentinck,,,
"Portner, Johann Albrecht",1628,1687,
"Posner, Friedemann",,,
Praetorius jun.,,,
Praetorius sen.,,,
"Praetorius, Johann Christoph",,,
Prandorff,,,
"Pratisius, Christof",c. 1643,1694,
"Prebendowsky, Jan Jerzy (Johann Georg), Graf von",,1729,
"Pregi(t)zer, Johann Ulrich",1647,1708,
Pregizer (S√∂hne & Erben),,,
Prenerau,,,
Prescimoni,,,
Pressburg (evang. Gemeinden),,,
"Prestet, Jean",1648,1690,
Preu√üen (Amtskammer),,,
Preu√üen (Dom√§nen-& Hofkammer),,,
Preu√üen (Lehnskanzlei),,,
Preu√üen (Stadtphysici & Medici provinc.),,,
"Preu√üen, K√∂nig Friedrich I. ‚Üí Friedrich III. von Brandenburg, Kurf√ºrst",,,
"Prielmayr (Prielmair) von Priel, Korbinian",1643,1707,
Printzen,,,
Pritz,,,
Pr√ºschenck,,,
Psalmanazar,,,
"P√ºchler, Gottlieb Justus von",c. 1677,1742,
"P√ºchler, Paul von",,1711,
"Pufendorf, Esaias von",---,1689,
"Pufendorf, Samuel von",1632,1694,
"Pufendorf, Veronica von",---,1716,
"Pulteney, William (??)",,,
Purrettini,,,
"Quarteroni, Domenico [Quartaroni?]",1651,1736,
"Querini, Giacomo de [also Quirini]",,> 1717 ,
"Quesnel, Paschasius [Pasquier]",1634,1719,
Quillau,,,
Quilleau,,,
"Quirinus [""Capellanus Ratisbonae""]",,,
Rabbiner [Rabbis of Amsterdam],,,
"Rabe, Matthias Burchard",,,
"Rabener, Johann Gebhard",1632,1701,
"Rabener, Justus Gotthard", 1688,1731,
"Raby, Thomas Wentworth ‚Üí Wentworth",,,
"Rachel, Samuel",1628,1691,
Radziejewski,,,
"Raisson, Michel",c. 1629,1715,
"R√•lamb, √Öke Claesson",1651,1718,
"Ramazzini, Bernardino",1633,1714,
"Rammingen, Paul",,,
"Ranc√©, Armand Jean Le Bouthillier de [Abb√© de la Trappe]",1626,1700,
"Rango, Laurens [also Lorenz]",1636,1710,
"Rangon, Melchior",,,
"Rantzau [also Ranzow], Hedwig Margarethe Elisabeth (Gr√§fin von)",,,
"Raumer, Friedrich Amadeus Gottlieb von",1643,1728,
"Rauner, Johann Thomas von",1659,1735,
"Rechenberg, Adam",1642,1721,
"Reck, Georg Eberhard",1663,1720,
"Reck, Johann",1662,1737,
"Redi, Francesco",1626,1698,
"Reffuge, Pomponne Marquis de",---,1712,
"Regensburg, Gesandte",,,
"Regnauld, Fran√ßois de",1626,1689,
"Rehtmeier, Philipp Julius [also Rehtmeyer]",1678,1742,
"Reiche, Jobst Christoph von",1657,1740,
Reichenberg ‚Üí Reuschenberg,,,
Reichstag Regensburg),,,
Reichsvizekanzler ‚Üí K√∂nigsegg,,,
"Reimers, Balthasar Ernst",1669,1697,
"Reimers, Curd",,,
"Reimers, Tobias",1653,1716,
"Reimmann, Jakob Friedrich",1668,1743,
"Reinart, Elias Henricus",,,
"Reinerding, J. von (jun.)",,,
"Reinerding, Joachim Georg [also J.R. ?]",,,
"Reinerding, Johann Thiele",---,1727,
"Reins, Hans Ernst",,,
"Reiske, Johann",1641,1701,
"Remond, Nicolas",,,
"Remond, Pierre ‚Üí Montmort",,,
"Rempen, Johann",1653,1744,
Rena ‚Üí Della Rena,,,
"Renger, Johann Gottfried",---,1718,
"Resident, Haag",,,
"Rettberg, [Arnold ?]",,,
"Retzel, Georg Friedrich",,,
"Reuschenberg, Johann Sigismund Wilhelm von [also Reichenberg, Reuchenberg]",1675,1703,
"Reu√üe, Heinrich",,,
"Reuterholm, Nils Esbj√∂rnsson",1676,1756,
"Reyer, Johann",1641,1718,
"Reyher, Samuel",1635,1714,
"Reyhnmann, Johann Georg",,,
"Reyneau, Charles-Ren√©",1656,1728,
"Rhode, Johann Georg",1669,1727,
"Richter, Th. Bened.",,,
Ridder,,,
Rieffkohl,,,
"Riegger, Johann Jakob",1664,1704,
Rigo,,,
"Rigord, Jean-Pierre",1656,1727,
"Rimini (Archbishop) ‚Üí Davia, Giovanni Antonio",,,
"Rinaldo III d‚ÄôEste, duke of Modena",1655,1737,
"Ring, G.",,,
"Ripking, Bernhard [also Bernd, Behrend, Behrendt]",1682,1719,
"Ritmeier, Christoph Heinrich [also Rithmeier]",1671,1719,
"Rittershusius, Nicolaus [also Rittershausen, Nikolaus]",1597,1670,
"Riva, Giuseppe",1682,1739,
"Rivers, comte de",,,
"Rivinus, Quintus Septimius Florens",1651,1713,
"Roberti, Gaudentius",,,
"Robethon, Jean de",1665,1722,
"R√∂ber, Johann Joachim [also Roeber]",1662,1732,
"R√∂decke, Caspar [also R√∂deken]",,,
"R√∂meling, Georg Ludwig",,,
"R√∂mer, Ole Christensen [also R√∏mer; Reumerus, Olaus]",1644,1710,
"R√∂tenbeck, Georg Paul",1648,1710,
"Rojas y Spinola, Cristobal de",---,1695,
"Rolamb, Auke",,,
"Rolle, Michel",1652,1719,
"Rollmann, F. G.",,,
Rosa,,,
Rosenberg,,,
"Rosenthal, J. C.",,,
"Rossler, Johann Burckhard",,,
"Rostgaard, Friderik",,,
Rottenhofer,,,
"Rousseau de Chamoy, Louis",1645,1711,
"Roxburghe, John Ker, earl of",c. 1680,1741,
Royal Society,,,
"Rozel Beaumont, Jacques (?) du",---,---,
Rozey,,,
Rudolf August von Braunschweig-L√ºneburg-Wolfenb√ºttel,1627,1704,
"R√ºhlmann, Gottfried [also Ruhlmann; Ruhlmannus]",,,
"R√ºling, Johann Christoph",,,
"Ruinart, Dom Thierry",1657,1709,
"Runckel, Andreas Wolfgang von",1646,1707,
Ruperti,,,
Ruprecht von der Pfalz,,,
"Rust, Ludwig Johann",1649,1719,
"Ruth d‚ÄôAns, E.",,,
"Rymer, Thomas",1641,1713,
"Saal, Johann von Heppenheim [called vom Saal]",1609 (?),1672,
"Sabbatini, Luigi [Friedrich Aloysio?] [also Sabbatinus]",,,
"Sacetot, Catherine de",c. 1644,> 1708,
"Sachs, Joh.",,,
"Sachse, A. I.",,,
Sachsen (Kardinal),,,
Sachsen (Kur-S.),,,
Sachsen (Kurf√ºrst),,,
Sachsen (Oberkonsistorium),,,
Sachsen (Superintendenten],,,
Sachsen (Theologen),,,
Sachsen-Eiseafter,,,
"Sagittarius, Caspar",1643,1694,
"Saiffert, Balth.",,,
Saint Germain (?),,,
"Saint-Pierre, Charles-Ir√©n√©e Castel; Abb√© de",1658,1743,
"Saldern, Johann Heinrich von",1675,1707,
"Saller, Ch. J.",,,
"Saltarini, Claudio",,,
"Salviati, Averardo",---,1707,
"Samson, Moses [Jude in Hamburg]",,,
SanFa√ßon,,,
"Santacrucius, Andreas",,,
"Sassi, Giuseppe Antonio",,,
"Saurin, Joseph",1659,1737,
"Sauveur, Joseph",1653,1716,
"Savery, Thomas",c. 1650,1715,
"Scarzo, J. Chrysost., E Neapolis Monte Antiniano",,,
"Schaak ‚Üí Sophie Wilhelmine, √Ñbtissin",,,
"Schaetz, Johann Georg [also Sch√§tz]",---,1702,
"Schafirow, Peter Pawlowitsch, russischer Vizekanzler",1669,1739,
Schales,,,
"Schaper, Johann Ernst",1668,1721,
"Schatting, Conrad",,,
"Scheffer, Sebastian",1631,1686,
"Schele, Johann Wilhelm",---,---,
"Schelhammer, G√ºnther Christoph",1649,1716,
"Schelhammer, H.",,,
"Schelhammer, J.Chr.",,,
"Schelhammer, Marie Sophie, born Conring",,,
Schelhorn,,,
"Schelstrate, Emmanuel",1645,1692,
"Schenck von Nydeck, Heinrich Balduin Freiherr",,nach 1729,
"Schenck von Winterstedt, Georg Wilhelm",1635,1695,
"Schenck, E. [also F.E.]",,,
"Scheres, J.P. von",,,
"Scherp, Elisabeth",ca. 1620,1702,
"Scheuchzer, Johann Jacob [also Jakob]",1672,1733,
Schichtmeister,,,
Schick sen.,,,
"Schick, Peter",,,
"Schild, Johann Erich",1653,1717,
"Schilter, Johann",1632,1705,
"Schlee, Nikolaus [?]",,,
"Schlegel, Anna Marg.",,,
"Schlegel, Christian",1667,1722,
Schlehe ‚Üí Schlee [?],,,
"Schleinitz, Hans Christoph Ernst von",1661,1747,
"Schlemm, Johann Philipp",1672 (?),1733 (?),"17021115 | 02 XI 15 | 17021115; F; Hannover; I,21 N. 81"
"Schlick, Leopold Anton Joseph von",1663,1723,
"Schlickermann vielleicht Schlickelmann, J. G., Postmeister in Helmstedt??",,,
Schloer ‚Üí Slare,,,
Schl√ºter (Witwe und Erben Stephan Schl√ºters),,,
"Schl√ºter, Dietrich",,,
"Schl√ºter, Stephan Andreas",1637,1688,
"Schmalkalder, Johann Dietrich",1627,1675,
Schmalz jun.,,,
Schmalz sen.,,,
"Schmettau, Wolfgang von",1648,1711,
"Schmid, Aug. Matth.",,,
"Schmid, Engelb.",,,
"Schmid, G.F.",,,
"Schmid, G.S.",,,
"Schmid, H. (Amtmann zu Potsdam )",,,
"Schmid, J.M.",,,
"Schmid, Johann Philipp",,,
"Schmid, Melchior",---,1696,
"Schmid, S.",,,
Schmidt (Hofrat),,,
"Schmidt (Kupferstecher, Augsburg; brother to J. A. Schmidt)",,,
"Schmidt, Andr.",,,
"Schmidt, Gustav Daniel",---,1720,
"Schmidt, J.",,,
"Schmidt, J.S. [oder J.J. ?]",,,
"Schmidt, Jac. [Jacob]",,,
"Schmidt, Johann Andreas [also: Schmid]",1652,1726,
"Schmidt, Johann Christoph",,,
"Schmidt, Johann Philipp = Schmid, Johann Philipp??",---,1694,
"Schmiett, Anna Elisabeth von, born von L√ºtzau",,,
"Schmincke, Johann Hermann",1684,1743,
Schmuck‚Äôsche Erben,,,
Schnackenburg (Amtmann),,,
"Schneider, J.G.",,,
"Schockwitz, Johann",,,
"Sch√∂nberg, Abraham von",1640,1711,
"Sch√∂nborn, Melchior Friedrich von",1644,1717,
"Sch√∂nborn, Sophie von (born von Boineburg)",,,
Sch√∂pflin,,,
"Sch√∂ps, Sigismund Georg",1632,1699,
"Sch√∂rt, Brostrup von",---,1703,
"Sch√∂ttel, Joseph",,,
"Sch√∂ttel, Theobald",,,
Sch√∂tter,,,
"Sch√∂ttgen, Christian",1687,1751,
"Schomaker, Albert",,,
"Schoppe, Ulrich [?]",,,
"Schott, Johann Carl",1672,1717,
"Schrader, Aug.",,,
"Schrader, Chilian",1650,1721,
"Schrader, Christoph",1642,1713,
"Schrader, Christoph Otto",1688 [?],1766 [?],
"Schrader, Friedrich",1657,1704,
"Schrader, H.C. [Herm. Kurdt]",,,
"Schrader, Justus",1670,1720,
"Schrader, W.Ch. [?]",,,
"Schramm, Jonas Conrad [also Konrad]",1675,1739,
"Schreckh, Caspar [also Schr√∂ckh]",,,
"Schreiber, Thomas",,,
"Schreyvogel, v.",,,
"Schr√∂ck(h), Caspar ‚Üí Schreckh, Caspar",,,
"Schr√∂ck(h), Lucas",1646,1730,
Schroenius,,,
"Schr√∂ter, J.C. (Pastor zu Struckhausen)",,,
Schr√∂tter,,,
Sch√º√üler,,,
Sch√ºtz,,,
Sch√ºtz ‚Üí Sinold,,,
"Sch√ºtz von Holtzhausen, Johann Friedrich [also Holzhausen]",---,1680,
"Sch√ºtz, Friedrich Wilhelm [also Sch√ºtze]",,1739,
"Sch√ºtz, Heinrich",,,
"Schulenburg, Ehrengard Melusine von der, 1715 Reichsgr√§fin [also Fr√§ulein v.d.]",1667,1743,
"Schulenburg, Friedr. Achatz v.d.",,,
"Schulenburg, Johann Christian",1668,1732,
"Schulenburg, Matthias Johann von der [also Johann Matthias]",1661,1747,
"Schuller, Georg Hermann",1651,1679,
"Schultze, [?]",,,
"Schultze, Gottfried",1643,1686,
"Schumacher, Johann Daniel",1690,1761,
"Schumann, Anna Elisabeth",,,
"Schumann, Stefan [also Stephan]",,,
"Schurzfleisch, Conrad Samuel [also Schurtzfleisch]",1641,1708,
"Schurzfleisch, Heinrich Leonard [also Schurtzfleisch]",1664,1722 oder 1723,
Schuster,,,
Schwaben (St√§nde),,,
"Schwachheim, Jakob",1644,1726,
"Schwanefl√ºgel, Christian Wilhelm [also Schwanfl√ºgel]",---,1696,
"Schwartz, Fr√§ulein von",---,> 1711,
"Schwartz, Johann Konrad",1676 oder 1677,1747,
"Schwartzenstein, Baron",,,
"Schwarz, Christian Gottlieb",1675,1751,
Schwarzburg,,,
Schwarze (Frau),,,
"Schwarzenberg, Ferdinand Wilhelm, F√ºrst von",1652,1703,
"Schweling, Johann Eberhard",1645,1714,
"Schwenck, Johann Sigismund",1620,1670,
"Schwerin d.J., Otto Freiherr/Graf von",1645,1705,
"Scott, James",,nach 1711,
"Scud√©ry, Madeleine de",1607,1701,
"Scultetus, Daniel Severin",1645,1712,
"Scusio, Giov. Gabr.",,,
"Seckendorff, Veit Ludwig von",1626,1692,
"Seebisch, Siegmund Gottlob",1669,1753,
"Seel√§nder, Nikolaus",1682,1744,
"Seelen, Joh. Henr. v.",,,
"Sehmen, Aug. [?]",,,
"Seidel, Andreas Erasmus v.",1650,1707,
"Seidensticker, Franz [?]",1602,1700,
"Seiffart von Hohenstein, Christian Konrad",1638,c. 1697,
"Seilern, Johann Friedrich Adam Graf von",1646,1715,
"Seipp, Johann Philipp",1686,1757,
"Senfft von Pilsach, Adam Ernst [also Senft]",1647,1715,
"Serieux, Fran√ßois",,,
Sesanne,,,
"Seton of Pitmedden, William",1673,1744,
"Shaftesbury, Anthony Ashley Cooper, Earl of",1671,1713,
Siebenb√ºrger,,nach 1695,
"Siegel, Johann Valentin",---,1727,
"Siegemann, Jacob",1671,1731,
"Siegler, Georg Conrad",,,
Sieradz (Palatin von),,,
"Sieverds, Johann Georg",1650,1717,
"Sike, Henry [also Sikius, Henricus]",1669,1712,
"Silberradius (Silberrad), Johann Jacob [?]",1682,1726,
"Siltmann, v. [Lieutenant Colonel du Roi de Prusse]",,,
"Siminsky, R. Joan.",,,
Simon,,,
"Simonides, Johann",,,
"Simonides, Samuel",,,
"Sinold, G., gen. von Sch√ºtz",,,
"Sinold, Johann Friedrich, gen. von Sch√ºtz",---,1692,
"Sinold, Ludwig Justus, gen. von Sch√ºtz",---,1710,
"Sinzendorf, Philipp Ludwig Wenzel Graf von",1671,1742,
"Sitonis, Giovanni de",---,> 1745,
"Siver, Heinrich",1626,1691,
"Slare (Schloer), Frederick",1647 oder 1646,1727,
"Sloane, Hans",1660,1753,
"Slusius (Sluse), Ren√©-Fran√ßois Walter de",1622,1685,
"Smith, Thomas",1638,1710,
"Snape, Andrew",1675,1742,
"Sobieski, Jan",,,
S√∂ter,,,
"Sohler (Sohlern) zu Grorodt, Anton v. (kurtriererischer Vizekanzler)",,1716,
Solanus,,,
"Sollicoffre (Zollikofer), Heinrich",,,
"Sonnemann, Johann Theodor Gottfried",1656,1729,
"Sonntag, Johann Michael",1677,1716,
Sophie Charlotte von Braunschweig-L√ºneburg (K√∂nigin in Preu√üen),1668,1705,
Sophie Dorothea von Braunschweig-L√ºneburg (Brandenburg),1666,1726,
"Sophie von der Pfalz, Electress of Hanover",1630,1714,
Sophie von Schaumburg-Lippe,,,
"Sophie Wilhelmine, √Ñbtissin zu Schaak [Schaken], born Gr√§fin zu Waldeck",1686,1749,
Soudry,---,1678,
Soziet√§t der Wissenschaften in Berlin,,,
"Spada, Fabrizio ? (Kardinal)",1643,1717,
"Spalatro (Erzbischof) ‚Üí Cosmi, Stefano",,1707,
"Spanheim, Ezechiel",1629,1710,
Sparre von Erenstein,,,
"Sparwenfeld, Johan Gabriel",1655,1727,
"Specht, Christian",1647,1706,
"Spedazzi, Giuseppe (Abt)",---,---,
"Spener, Christian Maximilian",1678,1714,
"Spener, Jakob Karl",1684,1730,
"Spener, Johann Jacob",1666,1692,
"Spener, Philipp Jakob",1635,1705,
"Sperling, Otto",1634,1715,
"Spinoza, Benedict de",1632,1677,
"Spitzel, Gottlieb",1639,1691,
"Spon, Jacob [also Spondius]",,1685,
St. Donat,,,
St. Romain,,,
"Stade, Diederich v.",,,
Stadt Amsterdam,,,
Staff (De Staffe),,,
"Staff, Nathanael von",1646,1719,
"Stahl, Georg Conrad",c. 1657,1696,
"Stahl, Georg Ernst",1659 oder 1660,1734,
Stahrenberg,,,
"Stalburg (Stalburger), Johann Daniel",1650,1693,
"Stambke, H.J. (Heinrich Julius ?)",,,
Stamford ‚Üí Grey,,,
Stammin (Witwe),,,
Stanhope,,,
"Stapell, Daniel",---,1728,
"Starcke, Johann Heinrich (?)",1651,1707,
"Starhemberg, Guido Graf von",1657,1737,
"Stark, Matthias",---,> 1694,
"Stauff zu L√∂wenstadt, Ludwig Wilhelm von",,,
"Stebbing, Samuel",,1719,
"Steding, Paul Josua (?) [also St√§ding]",1658,1712,
"Stedingk, Dietrich Wilhelm v.",,,
Steel,,,
"Steffani, Agostino",1653,1728,
"Steigerthal, Johann Georg",1666,1740,
"Steinberg, Friedrich von",1651,1716,
Steinghens,,,
"Stenger, Caspar Adam",1649,1690,
"Stensen, Niels [also Steno]",1638,1686,
Stephanus d. Debriczni,,,
"Stepney, George",1663,1707,
"Sterky (Sterck), Jeremias",,,
Stern,,,
"Stettinger, Christoph SJ",---,1691,
"Stinners, Curdt",,,
Stisser (Carl Stisser‚Äôs Witwe und Erben),,,
"Stisser, Johann Andreas",1657,1700,
"Stisser, Johann Chilian",1632,1689,
"Stockhausen, Heinrich v.",,,
"St√∂berhoffer, Georg",,,
"Stoetteroggen (St√∂teroggen), Hieronymus Hartwig von",1672,1743,
"Stoffel, Andreas",,,
"Stolberg-Gedern, Ludwig Christian Graf zu",1652,1710,
"Stolberg, H.D. [also: Stolberg, Dr.]",,,
"Storren, Justus Henrik",---,1716,
Stosch,,,
Strafford ‚Üí Wentworth,1672,1739,
"Stralenheim, Henning von",1670,1731,
"Strasberg, Gottfried",1671,1725,
"Stra√üburg ‚Üí F√ºrstenberg, Franz Egon von",,,
"Strattmann, Theodor Althet Heinrich von",1637,1693,
"Strauch, Aegidius",,,
"Strauch, Johann",1612,1679,
"Streck, Engelbert",,,
"Strode, Thomas",1626 ?,1688,
"Struve, Burkhard Gotthelf",1671,1738,
"Struve, Georg Adam",---,1692,
"Stumpff, Kilianus",,,
"Sturm, Johann Christoph",1635,1703,
"Sturm, Leonhard Christoph",1669,1719,
"Styrtzel, Johann Georg",1591,1668,
"Sully, Henry",1680,1729,
"Sultzbach, Philipp Pfalzgraf von",,,
"Summerer, Georg",,,
Suvilsky [Snoilsky?],,,
"Swann, William",,,
"Swift, Jonathan [also Bickerstaff, Isaac]",1667,1745,
"Tachenius, Otto",1610,c. 1670,
Tachereau de Liny√®res,,,
Tarent (Prinzessin),,,
"Tarioli, Giovanni",,,
Tartarotti,,,
Tavannes,,,
"Tayler, Johann",,,
"Taylor, Brook",,,
"Teissier, Antoine",1632,1715,
"Teller, Romanus",1671,1721,
Tenhove (Tenhoven),,,
"Tenison, Thomas",1636,1715,
"Tentzel, Gottfried",---,1728,
"Tentzel, Wilhelm Ernst",1659,1707,
Teppermann,,,
Tettau,,,
"Teuber, Gottfried",,,
"Teute, Gerhard",1639 oder 1640,1693,
"Textor, Johann Wolfgang",1638,1701,
"Teyler, Johannes",1648,zw. 1701 u. 1709,
"Thanne, Wolf Adam von d.",1663,1714,
Theatrum Europaeum,,,
Theologische Fakult√§t Gie√üen,,,
"Theologische Fakult√§t Helmstedt, Dekan",,,
Theologische Fakult√§t Leipzig,,,
Theologische Fakult√§t T√ºbingen,,,
Theologische Fakult√§t zu Helmstedt,,,
"Th√©venot, Melchis√©dech",c. 1620,1692,
"Thilo, Georg Ludwig",1658,1721,
"Thomas, Augustin √† S.Josepho",,,
"Thomas, Friedrich Ludwig",1664,1710,
"Thomasius, Christian",,1728,
"Thomasius, Gottfried",1660,1746,
"Thomasius, Jakob",1622,1684,
"Th√ºlemarius, Heinrich G√ºnt(h)er",c. 1642,1714,
Thungen,,,
"Thurmann, Caspar",1634,1705,
"Thwaites, Edward",1671,1711,
"Tiede, Joachim",,1704,
Tielcke,,,
Tilgner,,,
"Tilson, G.",,,
Tischer,,,
Titelius,,,
"Titius, Christian",---,---,
T√∂pfer,,,
"Toinard, Nicolas",1629,1706,
Tokai (Gemeinde),,,
"Toland, John",1670,1722,
Tollen,,,
Tollins,,,
"Tolomei, Giovanni Battista SJ",1653,1726,
Torcke,,,
Torcy,,,
Toscana (Princess),,,
Tott,,,
Tourmont,,,
"Tournemine, Ren√©-Joseph",,,
"Tournon, Charles-Thomas Maillard de",,,
"Tourreil, Amable de [also as Antonio Alberti]",---,(?)1719,
Tourton & Guiguer,,,
"Trappe, Abb√© de la",,,
"Trautmann, Matthias",,,
"Trautmannsdorf, Frans Ehrenfried",,,
Travallini,,,
"Treuer, Gottlieb Samuel",1683,1734,
"Trevisano, Bernardo",,1720,
Trichius ,,,
"Trier, J. F.",,,
Trogn√©,,,
"Troschel, Christoph",---,1704,
"Troyel, Isaac",,,
"Truchsess von Waldburg, Eusebius SJ",---,1713,
"Tschirnhaus, Ehrenfried Walther von",1671,1708,
"Tschirnhaus, Gottlob Ehrenfried",,1710,
Tucci,,,
T√ºrninger,,,
"Turretin (Turrettini), Johann Alphonse",1671,1737,
"Tyrrell, James",1642,1718,
"Ubiali, Abbate",,,
Ubilla y Medina,,,
√úffeln (Uffeln),,,
√úffling,,,
"√úrlsperger, Samuel",,,
"Uffelmann, Johann Friedrich",,1707,
"Uffenbach, Zacharias Konrad von ",,,
"Uhl, J. L.",,,
"Uhlich, Adolph Wilhelm",c. 1635,1716,
Unbekannte Korrespondenten,,,
Ungarn (Protest. St√§nde),,,
Universit√§t Gie√üen,,,
Universit√§t Helmstedt,,,
Universit√§t Kiel,,,
Urbich II,,,
"Urbich, Johann Christoph",1653,1715,
"Ursinus von B√§r, Benjamin ",1646,1720,
"Usson de Bonnac, Jean Louis d‚Äô",1670,1738,
"Vagetius, Augustinus",1670,1700,
"Vagetius, Johann",1633,1691,
Vaillant,,,
Valckenier,,,
"Valenkampff, Andreas Heinrich",,,
Valentinus (Pater),,,
Valier,,,
Valkenier,,,
"Valletta, Nic. Saverio",,,
"Vallisnieri, Antonio",,,
"Vanni, Giovanni Francesco SJ",1638,1709,
"Varignon, Pierre",1654,1722,
"Vasmar, Barthold Johann",---,1705,
"Vass, Joseph (Vassius)",,,
Vaubrun,,,
"Vaudemont, Princess of",,,
"Veltheim, Otto von",,,
"Velthuysen, Lambert van",1622,1685,
"Venedig, Republik",,,
Venerosi,,,
"Verbiest, Ferd.",,,
"Verjus, Antoine SJ",1632,1706,
"Vernon, James, jun.",> 1675 (?),,
"Vernon, James, Marie sen. OFM",1646 (?),1727,
Vettern von Friedrich August von Sachsen,,,
"Vieregge, Johann",,,
Vierordt,,,
"Viet, Johann Dietrich",,1704,
"Villars, Louis Hector comte de",,,
Villiers ‚Üí Bonnivet,,,
Vinnius,,,
"Visconti, C.",,,
"Visdelou, Claude de SJ",,,
"Vitry, Edouard de SJ",1666,1730,
"Vittori (Vittorio, Victorio, Vettori Francesco Maria), Monsignore",,,
"Viviani, Vincenzo",,,
"Vlostorff, Reiner von",---,1722,
V√∂lcker,,,
Vogel,,,
"Vogler, Johann Herm.",,,
"Vogler, Valentin Heinrich",,,
"Vogther, Konrad Burchard",,,
"Voigt, Jobst Heinrich",,1725,
"Volckamer, Johann Georg",1616,1693,
Volckmar,,,
"Volder, Burchard de",1643,1709,
"Volger, C.",,,
"Volkamer, Joh. Georg",,,
"Volkra, Otto Christoph Graf von",,1733 (?),
"Vollmar, Johann Friedrich",---,1723,
"Vols, Ernestus",,,
"Vota, Carlo Maurizio SJ",1629,1715,
"W., F.M.",,,
"Wachsmuth, Johann Christian",---,1706,
"Wackerbart(h), Susanna von [born v. Berlichingen]",1661,1705,
"W√§chtler, F.",,,
"Wagenseil, Johann Christoph",1633,1705,
"Wagner, Gabriel [Realis de Vienna]",um 1665,um 1717/1720,
"Wagner, Johann Wilhelm",,,
"Wagner, Rudolf Christian",1671?,1741,
"Wahner, Caspar",---,1703,
"Wake, William, Archbishop of Canterbury",,1737,
"Walch, Joh. Ernst Imman.",,,
Waldbott von Bussenheim [also Walpot],,,
"Waldeck, F√ºrst v. ",,,
"Waldhausen, Hans Christof von ",,,
"Waldschmidt, Johann Jakob",1644,1689,
"Wale, Wolf Wilhelm de",,,
"Walenburch, P. de",,,
"Waller, Richard",,1715,
"Wallis, John",1616,1703,
Wallmenich,,,
"Walter, A.",,,
"Walter, Christian Albrecht",1655,1687,
"Walter, Ersick",,,
"Walter, Friedrich Hans von",1662,1710,
"Walter, Friedrich von",1649,1718,
"Walthausen, Hans Christof von",1635,1704,
"Walther, Joh.",,,
"Walther, von",,,
Wartenberg ‚Üí Kolbe,,,
"Wassenaer, Jacob van (also Opdam)",1635,1714,
"Wasserbach, Ernst Casimir",1664,1709,
"Weber, Christian Friedrich",,,
"Weber, Johann Heinrich",,,
"Weber, Matthias",,,
Wechsel,,,
"Weck, Johann Conrad ",,,
Weckius,,,
"Wedderkopf, Magnus",1637,1721,
Wedel,,,
"Wedel, Georg Wolfgang",,,
"Wedel, Moritz Friedrich von",,,
Wedell,,,
"Wegelin [Johann Reinhard, from Lindau?]",,,
Weidenfeld,,,
"Weidenfeld, Winandus",,,
"Weidmann, M.",,,
"Weigel, Erhard",1625,1699,
Weikmann (M. J. Weikmanns sel. Erben),,,
Weiler (Frau General Weiler born v. Blumenthal),,,
"Weiller, Fr./Frl. von",,,
"Weise, Joh. Siegm. ",,,
Weissbeck,,,
"Wei√üe, J. G. ",,,
"Weissenfels, Christoph Friedrich von",1649,,
Weitz,,,
"Welsch, Georg Hieronymus",1624,1677,
"Wendhausen, Phillip Ludwig Probst von",1633,1718,
"Wendt, Franz Diedr. v.",,,
"Wenng, Chr. Fr. ",,,
"Wentworth, Thomas, baron Raby, earl of Strafford",1672,1739,
"Wentzell, C.",,,
"Werenfels, Samuel",1657,1740,
"Werl, Dionysius [also Werlensis] OFM",,,
"Werlhof, Johann",1660,1711,
"Wernekinck, J. C.",,,
"Wernher, Johann Balthasar",1677,1743,
"Wertheim, Gr√§fin von",,,
"Weselow, Anna Elisabeth von [born Overlach]",1650,1729,
"Weselow, Christoph von [also Weselau]",---,1695,
"Westenholz, Melchior Ludwig",1647,1694,
"Westerloo, Eug√®ne Count M√©rode de",1674,1732,
"Westphal, Johann Caspar",1649,1722,
"Wetken, Reinhold",,,
"Wetstein, Johann Hendrik",1649,1726,
"Wichmann, Christoph",---,1690,
Wickers,,,
"Wicquefort, Abraham de (jn.)",---,1706,
"Wideburg, Christoph Tobias",1647,1717,
"Widow, Konrad [also Widou]",,,
"Wiering, Thomas von",,,
"Wilckening, J√ºrgen Reinhard",c. 1675,,
"Wilde, Nicolaas de [also Wilt, Nikolaes de]",,,
Wilhelm Ernst von Sachsen-Weimar,,,
Willliam III King of Great Britain,1650,1702,
"Wilhelmine Amalie von Brauschweig-L√ºneburg, then Empress (also Amalia von Rom)",1673,1742,
Wilhelmine Caroline von Ansbach,1683,1737,
Wilibald,,,
"Wilkins, David",,,
"Willemer, Jean Louis",,,
"Willerding, Justus Christoph",,,
Williamson,,,
Winckler,,,
"Wind, William [also Winde]",,,
Windheim ‚Üí L√ºde,,,
"Windischgr√§tz, Gottlieb Amadeus von",1630,1695,
"Winkelmann, Johann Just(us)",1620,1699,
Wintgens,,,
Wirth,,,
Wisberg,,,
"Witsen, Nicolaas",1641,1717,
"Witt, Johan de",,,
"Witte, Johann Michael von",---,> 1703,
Wittius (Geh. Rat in Halle),,,
"Witzendorff, Dietrich Wilhelm von",---,1712,
"Witzendorff, Hieronymus von",---,1690,
"Woelflin, Chr.",,,
"Woldenberg, Christian",---,1674,
"Wolf von L√ºdinghausen, Friedrich Ladislaus SJ",1643,1708,
"Wolf, Johann",,,
"Wolf, Johann Christoph",1683,1739,
Wolfenb√ºttel (Geheimer Kriegsrat),,,
Wolfenb√ºttel (Kammer),,,
Wolfenb√ºttel (Pr√§s.& Geh.R√§te),,,
Wolfenb√ºttel (R√§te),,,
"Wolff, Christian",1679,1754,
"Woltereck, Christof",,,
"Wolters, Henning Siegmund",,,
"Woodward, John",1665,1728,
"Wotton, William",1666,1726,
Wrote (?),,,
Wselowski,,,
"W√ºlfer, Daniel",---,1685,
W√ºrttemberg (Herzog),,,
W√ºrttemberg (Herzogin),,,
W√ºrttemberg (Regierung),,,
"Wulffen, Luben von",,,
Wunderlich,,,
"Wurfbein, Johann Paul [also: Wurffbain]",1655,1711,
Wurmbrand,,,
"Wurzelbauer, Johann Philipp [also: Wurzelbau]",,,
"Wynans, Guinandus",,,
"Zabany, Matthias",1674,,
"Zaccagni, Lorenzo",1657,1712,
"Zachariae, Johann Albrecht",---,1701,
Zacharias,,,
Zandt,,,
Zanibuoni,,,
"Zanichelli, Giovanni Girolamo",,,
"Zanovello, Giovanni Battista",---,(?)1713,
Zante (Generalmajor),,,
"Zehn, Peter",---,1706,
Zellerfeld (Bergamt),,,
Zellerfeld (Richter & Rat),,,
"Zellerfeld, Deputierte von",,,
"Zendrini, Bernardo",,,
"Zeno, Apostolo",,,
Zeppenfeld,,,
"Zeuner, Johann Joachim von",1647,1716,
Zimmermann (Dr.),,,
"Zimmermann, Georg Caspar",,,
"Zitzewitz, Nikolaus von",1634,1704,
"Zollikofer, Heinrich",,,
"Zollmann, Johann Ludwig",,,
"Zollmann, Philipp Heinrich",,,
"Zumben, Carol",,n. 1704,
"Zunner, Johann David",1641,1704,
